fid,Nr_ID_JRG,Nazwa_jednostki,Nazwa_komendy_P-M,Nazwa_komendy_KW,Populacja,Liczba_SOR_w_OCH,l_karetek_p,l_karetek_s,l_wyjazdow_PRM,l_obs_pacjetnow_PRM,Liczba_strazakow_na_zm,liczba_zdarzen,liczba_rat_PRM,Liczba_pojazdow,pow_ob_ch,pow_ob_ch_km_kw,Liczba_dyspozytorni,Priorytet_KW,Wojewodztwo,Powiat,ID_JRG_PRIO,Long,Lat
1,1535001,JRG Złotów,KP PSP Złotów,KW PSP Poznań,65422,1,1,1,2777,1318,8,551,1,8,1378288972,1379,2,16,WIELKOPOLSKIE,złotowski,1535001,17.04531944,53.36851944
2,1524001,JRG nr 1 Piła,KP PSP Piła,KW PSP Poznań,59895,1,1,1,4383,2034,11,722,2,8,441698709,442,2,7,WIELKOPOLSKIE,pilski,1524001,16.731125,53.15445
3,1504002,JRG Trzcianka,KP PSP Czarnków,KW PSP Poznań,37374,1,2,0,2679,1425,8,386,2,7,944269989,945,2,0,WIELKOPOLSKIE,czarnkowsko-trzcianecki,1504002,16.45554167,53.03823611
4,1501007,JRG 7 Poznań,KM PSP Poznań,KW PSP Poznań,78060,1,3,0,11151,6942,10,1307,2,15,17761089,18,2,1,WIELKOPOLSKIE,Poznań,1501007,16.96702778,52.38638889
5,1528001,JRG Szamotuły,KP PSP Szamotuły,KW PSP Poznań,93315,1,2,1,5972,2703,8,794,1,7,1117521802,1118,3,13,WIELKOPOLSKIE,szamotulski,1528001,16.58555556,52.61388889
6,1501005,JRG 5 Poznań,KM PSP Poznań,KW PSP Poznań,182314,3,3,1,14430,9419,11,1388,2,8,122892050,123,3,0,WIELKOPOLSKIE,Poznań,1501005,16.91152778,52.45058333
7,1517001,JRG Leszno,KM PSP Leszno,KW PSP Poznań,102271,1,2,1,7022,3731,12,951,4,10,606921006,607,3,4,WIELKOPOLSKIE,Leszno,1517001,16.59185833,51.82893611
8,1531001,JRG Turek,KP PSP Turek,KW PSP Poznań,78564,1,2,1,3749,2088,8,684,0,12,960355116,961,2,27,WIELKOPOLSKIE,turecki,1531001,18.4816,52.01614722
9,1520001,JRG Nowy Tomyśl,KP PSP Nowy Tomyśl,KW PSP Poznań,61841,1,1,1,3007,1596,8,547,1,10,933081380,934,2,25,WIELKOPOLSKIE,nowotomyski,1520001,16.12988889,52.31888889
10,1525001,JRG Pleszew,KP PSP Pleszew,KW PSP Poznań,58536,1,2,1,3689,2116,8,555,4,8,721623127,722,2,0,WIELKOPOLSKIE,pleszewski,1525001,17.78100278,51.8938
11,1513002,JRG nr 2 Konin,KM PSP Konin,KW PSP Poznań,60254,1,2,0,3108,1862,11,702,1,10,611853722,612,2,21,WIELKOPOLSKIE,Konin,1513002,18.25258056,52.20729444
12,1504001,JRG Czarnków,KP PSP Czarnków,KW PSP Poznań,52000,1,1,1,2750,1613,8,528,2,8,1134778700,1135,2,17,WIELKOPOLSKIE,czarnkowsko-trzcianecki,1504001,16.56165,52.90230833
13,1532001,JRG Wągrowiec,KP PSP Wągrowiec,KW PSP Poznań,69128,1,2,1,4107,2147,8,814,0,9,1096849272,1097,2,30,WIELKOPOLSKIE,wągrowiecki,1532001,17.21194444,52.81143333
14,1513001,JRG nr 1 Konin,KM PSP Konin,KW PSP Poznań,116944,0,4,1,9476,5160,13,1062,0,13,759876102,760,2,0,WIELKOPOLSKIE,Konin,1513001,18.26773333,52.23424167
15,1515001,JRG Kościan,KP PSP Kościan,KW PSP Poznań,81319,1,2,1,4460,2750,8,691,0,11,759319867,760,2,22,WIELKOPOLSKIE,kościański,1515001,16.64203056,52.08854167
16,1526001,JRG Rawicz,KP PSP Rawicz,KW PSP Poznań,65108,1,1,1,2942,1587,7,485,4,9,734621076,735,1,2,WIELKOPOLSKIE,rawicki,1526001,16.86046389,51.60639444
17,1501002,JRG 2 Poznań,KM PSP Poznań,KW PSP Poznań,131894,5,2,1,12272,7044,10,1927,2,6,28025402,29,1,0,WIELKOPOLSKIE,Poznań,1501002,16.90236111,52.40536111
18,1503001,JRG Chodzież,KP PSP Chodzież,KW PSP Poznań,43859,1,1,1,2453,1334,7,514,1,10,658205854,659,1,0,WIELKOPOLSKIE,chodzieski,1503001,16.91361111,52.98861111
19,1527001,JRG Słupca,KP PSP Słupca,KW PSP Poznań,63925,1,2,1,2917,1711,8,614,2,10,934844090,935,2,9,WIELKOPOLSKIE,słupecki,1527001,17.87489444,52.28985833
20,1519001,JRG Międzychód,KP PSP Międzychód,KW PSP Poznań,40817,1,1,1,2373,1358,7,582,0,9,1199204057,1200,2,24,WIELKOPOLSKIE,międzychodzki,1519001,15.90059167,52.60407222
21,1509002,JRG nr 2 Kalisz,KM PSP Kalisz,KW PSP Poznań,53651,0,1,0,1005,527,8,796,1,5,551333930,552,1,0,WIELKOPOLSKIE,Kalisz,1509002,18.09748056,51.73599167
22,1522001,JRG Ostrów Wielkopolski,KP PSP Ostrów Wielkopolski,KW PSP Poznań,141359,1,5,1,10260,5333,15,1363,3,17,930917010,931,5,5,WIELKOPOLSKIE,ostrowski,1522001,17.79221111,51.65991667
23,1508001,JRG Jarocin,KP PSP Jarocin,KW PSP Poznań,80941,1,1,1,3970,1864,8,628,0,10,769623129,770,1,28,WIELKOPOLSKIE,jarociński,1508001,17.48666667,51.95805556
24,1509001,JRG nr 1 Kalisz,KM PSP Kalisz,KW PSP Poznań,134497,2,5,1,12766,6796,14,1364,3,15,714753900,715,4,19,WIELKOPOLSKIE,Kalisz,1509001,18.09277778,51.75222222
25,1501001,JRG 1 Poznań,KM PSP Poznań,KW PSP Poznań,51908,1,2,0,8242,3615,11,1628,1,11,14666107,15,1,0,WIELKOPOLSKIE,Poznań,1501001,16.93283333,52.41080556
26,1521001,JRG Oborniki,KP PSP Oborniki,KW PSP Poznań,54864,1,1,1,3875,1678,8,635,5,5,569201127,570,2,3,WIELKOPOLSKIE,obornicki,1521001,16.82005556,52.64941667
27,1511001,JRG Kępno,KP PSP Kępno,KW PSP Poznań,52942,1,1,1,3080,1966,8,750,0,11,504833581,505,1,29,WIELKOPOLSKIE,kępiński,1511001,17.98302778,51.28147222
28,1524002,JRG nr 2 Piła,KP PSP Piła,KW PSP Poznań,48561,0,2,0,3914,1879,8,618,2,6,585868090,586,2,0,WIELKOPOLSKIE,pilski,1524002,16.7799,53.16109167
29,1512001,JRG Koło,KP PSP Koło,KW PSP Poznań,92444,1,2,1,4982,2356,9,788,2,10,1185731904,1186,2,6,WIELKOPOLSKIE,kolski,1512001,18.62857778,52.20263333
30,1523001,JRG Ostrzeszów,KP PSP Ostrzeszów,KW PSP Poznań,53285,1,1,1,2736,1331,8,499,0,10,785437401,786,2,15,WIELKOPOLSKIE,ostrzeszowski,1523001,17.93551944,51.42388889
31,1507001,JRG Grodzisk Wielkopolski,KP PSP Grodzisk Wielkopolski,KW PSP Poznań,59410,1,2,1,3879,2004,7,468,2,7,590468308,591,3,20,WIELKOPOLSKIE,grodziski,1507001,16.36416667,52.21805556
32,1501004,JRG 4 Poznań,KM PSP Poznań,KW PSP Poznań,117025,0,4,0,8881,4285,10,1251,3,10,320702987,321,4,0,WIELKOPOLSKIE,Poznań,1501004,16.84544444,52.42491667
33,1533001,JRG Wolsztyn,KP PSP Wolsztyn,KW PSP Poznań,59455,1,1,1,2852,1710,7,600,5,7,801656590,802,1,8,WIELKOPOLSKIE,wolsztyński,1533001,16.11649722,52.11442222
34,1502002,JRG 9 Mosina,KM PSP Poznań,KW PSP Poznań,58237,1,2,0,4122,2293,8,545,0,4,457710300,458,2,0,WIELKOPOLSKIE,poznański,1502002,16.84840833,52.24140833
35,1501055,WL SA PSP Poznań,KM PSP Poznań,KW PSP Poznań,118190,3,3,0,9544,6145,13,1216,2,10,87855227,88,2,0,0,0,0,0,0
36,1506001,JRG Gostyń,KP PSP Gostyń,KW PSP Poznań,78124,1,2,1,3703,2081,8,490,1,9,874581867,875,3,23,WIELKOPOLSKIE,gostyński,1506001,17.01090833,51.87340833
37,1534001,JRG Września,KP PSP Września,KW PSP Poznań,76229,1,1,1,4252,2298,8,632,3,12,717856742,718,1,18,WIELKOPOLSKIE,wrzesiński,1534001,17.53996389,52.309375
38,1529001,JRG Śrem,KP PSP Śrem,KW PSP Poznań,60923,1,1,1,3144,1768,8,556,1,5,569030240,570,1,26,WIELKOPOLSKIE,śremski,1529001,17.01978889,52.07823333
39,1530001,JRG Środa Wielkopolska,KP PSP Środa Wielkopolska,KW PSP Poznań,52137,1,1,1,3562,2198,7,654,2,10,515974420,516,2,10,WIELKOPOLSKIE,średzki,1530001,17.28472222,52.21916667
40,1501006,JRG 6 Poznań,KM PSP Poznań,KW PSP Poznań,70938,0,1,0,2243,1363,15,833,2,9,294295257,295,1,0,WIELKOPOLSKIE,Poznań,1501006,16.98697222,52.34352778
41,1501003,JRG 3 Poznań,KM PSP Poznań,KW PSP Poznań,123886,0,3,0,7210,3574,8,974,1,5,465987972,466,3,0,WIELKOPOLSKIE,Poznań,1501003,17.03522222,52.40836111
42,1502001,JRG 8 Bolechowo,KM PSP Poznań,KW PSP Poznań,35655,0,1,0,1901,1020,8,690,1,9,367880133,368,1,0,WIELKOPOLSKIE,poznański,1502001,16.97436111,52.54958333
43,1001001P1,PJRG nr 2 Białystok,KM PSP Białystok,KW PSP Białystok,59429,0,2,1,4707,3007,5,0,0,2,1203687163,1204,3,0,0,0,0,0,0
44,1117001,JRG Starogard Gdański,KP PSP Starogard Gdański,KW PSP Gdańsk,135827,1,5,1,11035,4823,13,905,9,9,1556530643,1557,5,1,POMORSKIE,starogardzki,1117001,18.52767222,53.96562778
45,1102001,JRG Bytów,KP PSP Bytów,KW PSP Gdańsk,54297,0,0,0,0,0,8,584,4,10,1541768763,1542,0,13,POMORSKIE,bytowski,1102001,17.49384167,54.184975
46,1106001,JRG Kartuzy,KP PSP Kartuzy,KW PSP Gdańsk,129212,1,3,1,4196,2362,10,1062,1,11,1015231554,1016,3,17,POMORSKIE,kartuski,1106001,18.20420278,54.33640833
47,1107001,JRG Kościerzyna,KP PSP Kościerzyna,KW PSP Gdańsk,74695,1,2,1,5127,2874,8,674,2,6,1206408934,1207,1,8,POMORSKIE,kościerski,1107001,17.97529444,54.12583333
48,1109001,JRG Lębork,KP PSP Lębork,KW PSP Gdańsk,66448,1,1,1,5276,2279,8,742,5,15,872427669,873,1,6,POMORSKIE,lęborski,1109001,17.73575556,54.54488889
49,1110001,JRG Malbork,KP PSP Malbork,KW PSP Gdańsk,58525,1,3,0,5571,2669,8,1115,3,7,484064525,485,2,12,POMORSKIE,malborski,1110001,19.04316944,54.02843333
50,1102002,JRG Miastko,KP PSP Bytów,KW PSP Gdańsk,31141,0,2,0,819,404,7,439,1,6,1265630457,1266,2,0,POMORSKIE,bytowski,1102002,16.98297222,54.00246389
51,1111001,JRG Nowy Dwór Gdański,KP PSP Nowy Dwór Gdański,KW PSP Gdańsk,30028,0,2,1,1277,1382,7,577,2,9,506984066,507,3,7,POMORSKIE,nowodworski,1111001,19.13760278,54.20601389
52,1101001,JRG nr 1 Gdańsk,KM PSP Gdańsk,KW PSP Gdańsk,114473,2,4,1,13457,8681,12,1476,1,9,54601163,55,3,0,POMORSKIE,Gdańsk,1101001,18.60083333,54.37805556
53,1105001,JRG Nr 1 Gdynia Śródmieście,KM PSP Gdynia,KW PSP Gdańsk,95337,3,2,1,7136,4117,12,1346,5,10,38897306,39,1,0,POMORSKIE,Gdynia,1105001,18.53834444,54.52194722
54,1114001,JRG nr 1 Słupsk,KM PSP Słupsk,KW PSP Gdańsk,85751,0,0,0,0,0,11,1388,3,7,1211567314,1212,0,10,POMORSKIE,Słupsk,1114001,17.03630278,54.46428889
55,1105002,JRG Nr 2 Gdynia Chylonia,KM PSP Gdynia,KW PSP Gdańsk,47443,0,2,0,3746,2447,7,603,5,7,41190426,42,1,0,POMORSKIE,Gdynia,1105002,18.46277778,54.54912222
56,1114002,JRG nr 2 Słupsk,KM PSP Słupsk,KW PSP Gdańsk,64365,0,0,0,0,0,8,718,3,5,579187385,580,0,0,POMORSKIE,Słupsk,1114002,17.03630278,54.46428889
57,1101003,JRG nr 3 Gdańsk Orunia,KM PSP Gdańsk,KW PSP Gdańsk,82951,0,1,0,2658,1564,8,673,1,7,36830111,37,1,0,POMORSKIE,Gdańsk,1101003,18.63055556,54.31
58,1105003,JRG Nr 3 Gdynia Oksywie,KM PSP Gdynia,KW PSP Gdańsk,62189,0,2,0,4437,2566,7,306,5,5,54549058,55,1,0,POMORSKIE,Gdynia,1105003,18.54949444,54.55129444
59,1115001,JRG nr 3 Ustka,KM PSP Słupsk,KW PSP Gdańsk,25720,0,0,0,0,0,7,470,1,5,462207240,463,0,0,POMORSKIE,słupski,1115001,16.85223889,54.58099444
60,1101004,JRG nr 4 Gdańsk Nowe Szkoty,KM PSP Gdańsk,KW PSP Gdańsk,50640,0,1,0,2400,1549,8,838,5,5,17612449,18,1,9,POMORSKIE,Gdańsk,1101004,18.63916667,54.37083333
61,1112001,JRG Pruszcz Gdański,KP PSP Pruszcz Gdański,KW PSP Gdańsk,108227,0,2,1,4968,3271,8,956,6,10,676569882,677,2,4,POMORSKIE,gdański,1112001,18.63903611,54.26639167
62,1113001,JRG Puck,KP PSP Puck,KW PSP Gdańsk,68230,2,4,1,6788,3149,7,1463,1,7,529414497,530,4,19,POMORSKIE,pucki,1113001,18.40635278,54.71908611
63,1119001,JRG Rumia,KP PSP Wejherowo,KW PSP Gdańsk,81000,0,3,0,4681,3078,8,779,2,4,94636921,95,2,0,POMORSKIE,wejherowski,1119001,18.39972222,54.57861111
64,1116001,JRG Sopot,KM PSP Sopot,KW PSP Gdańsk,30351,0,3,1,6971,3950,7,701,5,5,21215279,22,1,11,POMORSKIE,Sopot,1116001,18.55583333,54.44333333
65,1120001,JRG Sztum,KP PSP Sztum,KW PSP Gdańsk,37146,1,1,1,369,530,7,376,5,6,698982807,699,1,16,POMORSKIE,sztumski,1120001,19.02798333,53.92791389
66,1118001,JRG Tczew,KP PSP Tczew,KW PSP Gdańsk,90227,1,2,1,5702,3318,13,1031,1,22,506729322,507,2,18,POMORSKIE,tczewski,1118001,18.791925,54.08736944
67,1103001,JRG Chojnice,KP PSP Chojnice,KW PSP Gdańsk,94307,1,3,1,7571,3916,9,689,7,12,1363853913,1364,3,5,POMORSKIE,chojnicki,1103001,17.5824,53.69815833
68,1108001,JRG Kwidzyn,KP PSP Kwidzyn,KW PSP Gdańsk,86304,1,3,1,7278,4081,8,592,3,6,909688367,910,3,14,POMORSKIE,kwidzyński,1108001,18.93578333,53.72211667
69,1104001,JRG Człuchów,KP PSP Człuchów,KW PSP Gdańsk,40695,2,3,0,3446,1824,7,734,3,5,1160376720,1161,2,15,POMORSKIE,człuchowski,1104001,17.35638889,53.66861111
70,0410001,JRG nr 1 Zielona Góra,KM PSP Zielona Góra,KW PSP Gorzów Wielkopolski,96389,0,1,0,1401,829,10,1111,1,11,492083603,493,1,0,LUBUSKIE,Zielona Góra,0410001,15.50762222,51.92879722
71,0403001,JRG Gubin,KP PSP Krosno Odrzańskie,KW PSP Gorzów Wielkopolski,21798,0,1,1,2689,1050,7,496,0,8,403220153,404,1,0,LUBUSKIE,krośnieński,0403001,14.72403333,51.94538056
72,0403002,JRG Krosno Odrzańskie,KP PSP Krosno Odrzańskie,KW PSP Gorzów Wielkopolski,30096,1,2,0,3206,1252,7,502,2,12,1044923041,1045,1,0,LUBUSKIE,krośnieński,0403002,15.09096667,52.05841944
73,0413001,JRG Lubsko,KP PSP Żary,KW PSP Gorzów Wielkopolski,30409,0,0,0,0,0,7,672,2,8,685702955,686,0,0,LUBUSKIE,żarski,0413001,14.96898611,51.78753056
74,0404001,JRG Międzyrzecz,KP PSP Międzyrzecz,KW PSP Gorzów Wielkopolski,48000,1,4,0,5889,2951,7,690,4,12,1008983303,1009,3,0,LUBUSKIE,międzyrzecki,0404001,15.57777778,52.45583333
75,0406001,JRG Słubice,KP PSP Słubice,KW PSP Gorzów Wielkopolski,35076,1,4,0,4530,2807,7,770,3,9,611995063,612,3,0,LUBUSKIE,słubicki,0406001,14.5675,52.35444444
76,0407001,JRG Strzelce Krajeńskie,KP PSP Strzelce Krajeńskie,KW PSP Gorzów Wielkopolski,45359,0,3,1,4822,2666,7,836,4,13,1206368178,1207,3,0,LUBUSKIE,strzelecko-drezdenecki,0407001,15.52236667,52.88097778
77,0411001,JRG Sulechów,KM PSP Zielona Góra,KW PSP Gorzów Wielkopolski,44801,1,2,0,3596,1924,7,687,1,7,675747758,676,1,0,LUBUSKIE,zielonogórski,0411001,15.62975556,52.08478611
78,0408001,JRG Sulęcin,KP PSP Sulęcin,KW PSP Gorzów Wielkopolski,35451,1,3,0,5690,1896,7,697,5,8,1260473200,1261,2,0,LUBUSKIE,sulęciński,0408001,15.11875,52.44130556
79,0409001,JRG Świebodzin,KP PSP Świebodzin,KW PSP Gorzów Wielkopolski,54395,1,3,1,5736,3295,0,0,0,0,933229193,934,3,0,LUBUSKIE,świebodziński,0409001,15.52972222,52.24444444
80,0412001,JRG Szprotawa,KP PSP Żagań,KW PSP Gorzów Wielkopolski,34572,0,0,0,0,0,0,0,0,0,489802806,490,0,0,LUBUSKIE,żagański,0412001,15.56820278,51.55857222
81,0413002,JRG Żary,KP PSP Żary,KW PSP Gorzów Wielkopolski,61628,2,3,0,6722,2956,9,1152,0,14,809474271,810,2,0,LUBUSKIE,żarski,0413002,15.10316111,51.63290556
82,0401001,JRG nr 1 Gorzów Wielkopolski,KM PSP Gorzów Wielkopolski,KW PSP Gorzów Wielkopolski,67063,2,4,2,16683,9136,10,881,0,25,407455433,408,2,0,LUBUSKIE,Gorzów Wielkopolski,0401001,15.27871944,52.76570833
83,0405001,JRG Nowa Sól,KP PSP Nowa Sól,KW PSP Gorzów Wielkopolski,78560,1,3,0,7618,3064,9,405,2,21,788761872,789,2,0,LUBUSKIE,nowosolski,0405001,15.70801111,51.81090833
84,0414001,JRG Wschowa,KP PSP Wschowa,KW PSP Gorzów Wielkopolski,47441,0,2,1,4590,1932,7,871,0,13,712735811,713,3,0,LUBUSKIE,wschowski,0414001,16.315675,51.799375
85,0410002,JRG nr 2 Zielona Góra,KM PSP Zielona Góra,KW PSP Gorzów Wielkopolski,69947,2,4,1,15500,8689,8,859,1,18,402383101,403,1,0,LUBUSKIE,Zielona Góra,0410002,15.52310278,51.95820833
86,0402001,JRG Kostrzyn nad Odrą,KM PSP Gorzów Wielkopolski,KW PSP Gorzów Wielkopolski,36319,1,1,1,3068,1555,7,426,1,6,537322521,538,2,0,LUBUSKIE,gorzowski,0402001,14.65245556,52.58717222
87,1206001,JRG Chorzów,KM PSP Chorzów,KW PSP Katowice,109218,1,3,0,6247,3124,0,0,0,0,33618197,34,1,0,ŚLĄSKIE,Chorzów,1206001,18.95128611,50.30308889
88,1213001,JRG Jastrzębie Zdrój,KM PSP Jastrzębie Zdrój,KW PSP Katowice,110491,1,0,3,8900,3942,13,1656,2,18,186432637,187,1,0,ŚLĄSKIE,Jastrzębie-Zdrój,1213001,18.5834,49.93823889
89,1205001,JRG Bytom,KM PSP Bytom,KW PSP Katowice,121453,3,3,1,14509,6592,20,2520,8,17,51681670,52,1,0,ŚLĄSKIE,Bytom,1205001,18.89584444,50.35613056
90,1217001,JRG Mikołów,KP PSP Mikołów,KW PSP Katowice,94493,3,2,1,8760,3764,9,1479,4,8,225545529,226,2,18,ŚLĄSKIE,mikołowski,1217001,18.90318889,50.17173056
91,1218001,JRG Mysłowice,KM PSP Mysłowice,KW PSP Katowice,73716,1,2,0,6254,3323,10,1168,2,9,67099855,68,1,34,ŚLĄSKIE,Mysłowice,1218001,19.11941111,50.23378056
92,1228001,JRG Świętochłowice,KM PSP Świętochłowice,KW PSP Katowice,52158,1,2,0,5117,2956,10,824,3,8,13352860,14,1,31,ŚLĄSKIE,Świętochłowice,1228001,18.91490556,50.29585556
93,1230001,JRG Tychy,KM PSP Tychy,KW PSP Katowice,183192,3,4,2,16770,7704,16,2140,3,11,266368798,267,3,5,ŚLĄSKIE,Tychy,1230001,19.00678056,50.10952778
94,1216001,JRG Lubliniec,KP PSP Lubliniec,KW PSP Katowice,72602,1,2,1,6702,3486,10,754,0,11,842629607,843,2,24,ŚLĄSKIE,lubliniecki,1216001,18.67708611,50.682075
95,1221001,JRG Pszczyna,KP PSP Pszczyna,KW PSP Katowice,81179,1,4,1,8684,4006,11,738,2,10,326089364,327,1,22,ŚLĄSKIE,pszczyński,1221001,18.95736111,49.97049444
96,1222001,JRG Racibórz,KP PSP Racibórz,KW PSP Katowice,92071,2,3,1,8882,4142,13,1224,2,13,520807078,521,3,0,ŚLĄSKIE,raciborski,1222001,18.21886944,50.09417778
97,1214001,JRG Jaworzno,KM PSP Jaworzno,KW PSP Katowice,86553,1,3,0,7386,3801,11,928,5,8,151734581,152,1,0,ŚLĄSKIE,Jaworzno,1214001,19.28518056,50.19222222
98,1232003,JRG Rydułtowy,KP PSP Wodzisław Śląski,KW PSP Katowice,56958,0,2,0,5195,3329,8,436,4,4,71124258,72,1,0,ŚLĄSKIE,wodzisławski,1232003,18.41611111,50.05722222
99,1219001,JRG Myszków,KP PSP Myszków,KW PSP Katowice,67102,1,2,1,5991,3528,10,759,2,17,479283402,480,2,28,ŚLĄSKIE,myszkowski,1219001,19.33440556,50.58110556
100,1226001,JRG Siemianowice Śląskie,KM PSP Siemianowice Śląskie,KW PSP Katowice,59455,3,2,0,5828,2803,10,1094,2,4,26016804,27,1,30,ŚLĄSKIE,Siemianowice Śląskie,1226001,19.02405,50.30540833
101,1224001,JRG Rybnik,KM PSP Rybnik,KW PSP Katowice,190115,1,4,1,14498,8465,15,1208,5,13,343244155,344,3,10,ŚLĄSKIE,Rybnik,1224001,18.53443056,50.09614444
102,1235001,JRG Żory,KM PSP Żory,KW PSP Katowice,78991,1,1,0,2891,1420,10,789,3,14,164688469,165,1,29,ŚLĄSKIE,Żory,1235001,18.67328056,50.050525
103,1220001,JRG Piekary Śląskie,KM PSP Piekary Śląskie,KW PSP Katowice,57921,2,2,0,6034,3084,10,1075,3,6,53998934,54,1,33,ŚLĄSKIE,Piekary Śląskie,1220001,18.94008889,50.37306944
104,1210001,JRG Dąbrowa Górnicza,KM PSP Dąbrowa Górnicza,KW PSP Katowice,119113,2,4,0,13356,7264,15,1521,0,10,223245879,224,2,11,ŚLĄSKIE,Dąbrowa Górnicza,1210001,19.22371389,50.32401667
105,1233001,JRG Zabrze,KM PSP Zabrze,KW PSP Katowice,148180,5,5,1,18603,9588,16,2309,4,7,89469018,90,3,32,ŚLĄSKIE,Zabrze,1233001,18.78848611,50.30921389
106,1236001,JRG Żywiec,KP PSP Żywiec,KW PSP Katowice,147269,1,6,1,12373,6043,12,2052,6,11,1040010323,1041,6,2,ŚLĄSKIE,żywiecki,1236001,19.18831944,49.68243889
107,1209001,JRG Koniecpol,KM PSP Częstochowa,KW PSP Katowice,23520,0,1,1,2172,1167,9,677,2,7,562985674,563,2,16,ŚLĄSKIE,częstochowski,1209001,19.6738,50.7759
108,1208002,JRG nr 2 Częstochowa,KM PSP Częstochowa,KW PSP Katowice,133983,1,5,0,13007,8117,15,2488,2,11,417022256,418,3,0,ŚLĄSKIE,Częstochowa,1208002,19.0954,50.81868056
109,1202002,PJRG Siewierz,KP PSP Będzin,KW PSP Katowice,19057,0,2,0,3541,1924,5,288,0,1,162587346,163,2,0,0,,0,0,0
110,1202001,JRG Będzin,KP PSP Będzin,KW PSP Katowice,114733,0,3,0,11442,5429,12,1323,3,7,153060773,154,2,20,ŚLĄSKIE,będziński,1202001,19.13221944,50.31943889
111,1229001,JRG Tarnowskie Góry,KP PSP Tarnowskie Góry,KW PSP Katowice,100164,1,2,2,8110,4736,13,1123,6,10,459229296,460,3,25,ŚLĄSKIE,tarnogórski,1229001,18.8549,50.4405
112,1229002,JRG Radzionków,KP PSP Tarnowskie Góry,KW PSP Katowice,51148,0,2,0,5385,2560,8,574,3,10,64499987,65,1,0,ŚLĄSKIE,tarnogórski,1229002,18.89298889,50.40306944
113,1227002,JRG Sosnowiec Porąbka,KM PSP Sosnowiec,KW PSP Katowice,54645,1,1,0,3600,2010,8,884,0,6,51038768,52,1,19,ŚLĄSKIE,Sosnowiec,1227002,19.22243889,50.29256944
114,1227001,JRG Sosnowiec Centrum,KM PSP Sosnowiec,KW PSP Katowice,131539,4,3,1,15534,8320,13,2119,1,6,40133023,41,1,0,ŚLĄSKIE,Sosnowiec,1227001,19.15297778,50.27717778
115,1201002,JRG nr 2 Katowice,KM PSP Katowice,KW PSP Katowice,109830,4,2,1,6739,4011,16,1493,3,10,104790997,105,1,0,ŚLĄSKIE,Katowice,1201002,18.97054722,50.21213056
116,1201003,JRG nr 3 Katowice,KM PSP Katowice,KW PSP Katowice,52391,6,5,2,17667,9064,8,1930,1,3,16533822,17,2,0,ŚLĄSKIE,Katowice,1201003,19.02253056,50.25608056
117,1223001,JRG Ruda Śląska,KM PSP Ruda Śląska,KW PSP Katowice,96768,0,3,1,12021,6007,8,1132,0,9,65566325,66,1,17,ŚLĄSKIE,Ruda Śląska,1223001,18.86126389,50.26699167
118,1223002,JRG Orzegów,KM PSP Ruda Śląska,KW PSP Katowice,36617,1,0,0,0,0,0,0,0,0,12550352,13,0,0,ŚLĄSKIE,Ruda Śląska,1223002,18.87527778,50.32277778
119,1203001,JRG nr 1 Bielsko-Biała,KM PSP Bielsko Biała,KW PSP Katowice,171948,4,8,2,20924,10202,23,2413,4,27,235011060,236,6,3,ŚLĄSKIE,Bielsko-Biała,1203001,19.05138889,49.80402778
120,1203002,JRG nr 2 Bielsko-Biała,KM PSP Bielsko Biała,KW PSP Katowice,82163,0,2,0,4766,2165,9,1136,5,6,158626741,159,2,0,ŚLĄSKIE,Bielsko-Biała,1203002,18.98888889,49.80666667
121,1207001,JRG Cieszyn,KP PSP Cieszyn,KW PSP Katowice,48483,1,1,1,4895,2515,9,842,2,5,100917814,101,1,0,ŚLĄSKIE,cieszyński,1207001,18.60013056,49.78336667
122,1211002,JRG Gliwice Łabędy,KM PSP Gliwice,KW PSP Katowice,37476,0,0,0,0,0,11,775,4,8,178642059,179,0,4,ŚLĄSKIE,Gliwice,1211002,18.61667222,50.35429444
123,1212001,JRG Pyskowice,KM PSP Gliwice,KW PSP Katowice,38489,2,3,0,4137,2328,8,825,1,4,368138263,369,2,14,ŚLĄSKIE,gliwicki,1212001,18.62315,50.39984722
124,1212002,JRG Knurów,KM PSP Gliwice,KW PSP Katowice,58580,1,2,0,5112,2357,8,800,2,7,133308435,134,2,0,ŚLĄSKIE,gliwicki,1212002,18.67149167,50.22270833
125,1234001,JRG Zawiercie,KP PSP Zawiercie,KW PSP Katowice,100236,2,4,1,10382,6020,12,984,1,12,729331497,730,3,20,ŚLĄSKIE,zawierciański,1234001,19.43472222,50.4875
126,1234003,PJRG Szczekociny,KP PSP Zawiercie,KW PSP Katowice,13950,0,0,1,1079,509,5,240,0,1,363907543,364,1,0,0,0,0,0,0
127,1311001,JRG Skarżysko Kamienna,KP PSP Skarżysko Kamienna,KW PSP Kielce,73955,2,2,1,8594,4069,15,983,1,23,489494127,490,1,7,ŚWIĘTOKRZYSKIE,skarżyski,1311001,20.89921944,51.11868056
128,1301001,JRG nr 1 Kielce,KM PSP Kielce,KW PSP Kielce,132000,5,7,1,25780,14093,20,1412,2,22,545968563,546,2,1,ŚWIĘTOKRZYSKIE,Kielce,1301001,20.64717222,50.87091667
129,1301002,JRG nr 2 Kielce,KM PSP Kielce,KW PSP Kielce,94596,0,1,0,2358,1328,8,695,1,9,470485591,471,1,0,ŚWIĘTOKRZYSKIE,Kielce,1301002,20.62405,50.88811944
130,1301003,JRG nr 3 Kielce,KM PSP Kielce,KW PSP Kielce,99397,3,2,0,5922,3828,8,775,1,12,341555464,342,2,0,ŚWIĘTOKRZYSKIE,Kielce,1301003,20.59964444,50.87503333
131,1304001,JRG Jędrzejów,KP PSP Jędrzejów,KW PSP Kielce,77643,2,3,0,6445,3305,11,952,2,17,1183332017,1184,2,4,ŚWIĘTOKRZYSKIE,jędrzejowski,1304001,20.28504167,50.64886667
132,1302001,JRG nr 4 Chmielnik,KM PSP Kielce,KW PSP Kielce,31612,2,0,0,0,0,7,296,0,11,597693274,598,0,0,ŚWIĘTOKRZYSKIE,kielecki,1302001,20.76183611,50.61381111
133,1313001,JRG Staszów,KP PSP Staszów,KW PSP Kielce,74439,2,3,1,7587,3646,8,677,1,25,1093630972,1094,3,9,ŚWIĘTOKRZYSKIE,staszowski,1313001,21.16361111,50.56222222
134,1308002,JRG nr 2 Ostrowiec Świętokrzyski,KP PSP Ostrowiec Świętokrzyski,KW PSP Kielce,39589,0,1,0,2303,1426,10,514,2,8,391897867,392,1,0,ŚWIĘTOKRZYSKIE,ostrowiecki,1308002,21.36698889,50.92782222
135,1309001,JRG Pińczów,KP PSP Pińczów,KW PSP Kielce,35110,2,1,1,3696,2134,7,547,0,13,602929606,603,1,12,ŚWIĘTOKRZYSKIE,pińczowski,1309001,20.52180833,50.52830833
136,1303001,JRG Busko Zdrój,KP PSP Busko Zdrój,KW PSP Kielce,58539,1,3,0,6405,4070,9,860,2,28,779288346,780,2,3,ŚWIĘTOKRZYSKIE,buski,1303001,20.70351667,50.45948889
137,1307001,JRG Opatów,KP PSP Opatów,KW PSP Kielce,47940,1,3,0,4736,2780,7,559,2,17,813993698,814,2,11,ŚWIĘTOKRZYSKIE,opatowski,1307001,21.41702222,50.80901667
138,1308001,JRG nr 1 Ostrowiec Świętokrzyski,KP PSP Ostrowiec Świętokrzyski,KW PSP Kielce,63131,3,5,1,13067,8385,9,706,1,15,257924232,258,1,2,ŚWIĘTOKRZYSKIE,ostrowiecki,1308001,21.39255833,50.94341111
139,1314001,JRG Włoszczowa,KP PSP Włoszczowa,KW PSP Kielce,54571,2,3,1,7032,4499,7,684,2,18,1191050069,1192,3,10,ŚWIĘTOKRZYSKIE,włoszczowski,1314001,19.9598,50.85463056
140,1310001,JRG Sandomierz,KP PSP Sandomierz,KW PSP Kielce,78608,2,2,1,6507,3753,10,744,1,8,702633170,703,2,8,ŚWIĘTOKRZYSKIE,sandomierski,1310001,21.725425,50.68958056
141,1312001,JRG Starachowice,KP PSP Starachowice,KW PSP Kielce,101257,3,2,2,9951,5806,13,1014,1,25,771363342,772,2,6,ŚWIĘTOKRZYSKIE,starachowicki,1312001,21.07398333,51.05301389
142,0603001,JRG Bochnia,KP PSP Bochnia,KW PSP Kraków,114586,2,5,0,6612,3889,9,927,2,6,692996674,693,4,0,MAŁOPOLSKIE,bocheński,0603001,20.43791667,49.97599722
143,0605001,JRG Chrzanów,KP PSP Chrzanów,KW PSP Kraków,122847,1,3,0,6291,2873,13,1766,3,15,394604794,395,3,0,MAŁOPOLSKIE,chrzanowski,0605001,19.39915833,50.14591944
144,0606001,JRG Dąbrowa Tarnowska,KP PSP Dąbrowa Tarnowska,KW PSP Kraków,67316,1,3,0,4529,2602,7,861,0,8,653309865,654,3,0,MAŁOPOLSKIE,dąbrowski,0606001,20.97770556,50.16588889
145,0607001,JRG Gorlice,KP PSP Gorlice,KW PSP Kraków,101697,1,5,0,7392,4033,11,1557,1,5,966494837,967,4,0,MAŁOPOLSKIE,gorlicki,0607001,21.16583333,49.67083333
146,0601001,JRG nr 1 Kraków,KM PSP Kraków,KW PSP Kraków,72937,2,5,1,16121,8960,15,2031,4,15,12929906,13,2,0,MAŁOPOLSKIE,Kraków,0601001,19.94375556,50.05975556
147,0601003,JRG nr 3 Kraków,KM PSP Kraków,KW PSP Kraków,169337,3,3,1,7459,3870,13,3137,5,13,389257202,390,3,0,MAŁOPOLSKIE,Kraków,0601003,19.88723056,50.07568056
148,0601004,JRG nr 4 Kraków,KM PSP Kraków,KW PSP Kraków,55407,0,0,0,0,0,12,1142,4,17,93923838,94,0,0,MAŁOPOLSKIE,Kraków,0601004,20.00570833,50.03761944
149,0601005,JRG nr 5 Kraków,KM PSP Kraków,KW PSP Kraków,122954,2,5,0,11024,4955,13,2375,1,12,274526640,275,3,0,MAŁOPOLSKIE,Kraków,0601005,19.92011111,50.09175278
150,0601006,JRG nr 6 Kraków,KM PSP Kraków,KW PSP Kraków,103937,3,2,0,6546,3911,17,1325,10,9,31640463,32,1,0,MAŁOPOLSKIE,Kraków,0601006,20.0158,50.01605833
151,0601007,JRG nr 7 Kraków,KM PSP Kraków,KW PSP Kraków,148114,0,1,1,4715,2624,12,1736,0,6,153302669,154,2,0,MAŁOPOLSKIE,Kraków,0601007,19.97736111,50.09403056
152,0601054,JRG SA PSP Kraków,KM PSP Kraków,KW PSP Kraków,132016,3,5,0,14634,8468,21,1583,5,6,66951236,67,2,0,MAŁOPOLSKIE,Kraków,0601054,20.03325833,50.07746389
153,0602001,JRG Skawina,KM PSP Kraków,KW PSP Kraków,69836,0,1,0,3337,1763,12,1343,0,7,174749165,175,1,0,MAŁOPOLSKIE,krakowski,0602001,19.79941111,49.96833056
154,0611001,JRG nr 1 Nowy Sącz,KM PSP Nowy Sącz,KW PSP Kraków,163403,8,6,1,12135,8028,15,1794,2,20,660874654,661,4,0,MAŁOPOLSKIE,Nowy Sącz,0611001,20.69575833,49.63760278
155,0611002,JRG nr 2 Nowy Sącz,KM PSP Nowy Sącz,KW PSP Kraków,89827,0,6,0,5822,3715,9,1252,1,7,540764656,541,5,0,MAŁOPOLSKIE,Nowy Sącz,0611002,20.663575,49.58703056
156,0614001,JRG Olkusz,KP PSP Olkusz,KW PSP Kraków,90729,1,3,1,7141,3993,8,907,2,8,469543204,470,3,0,MAŁOPOLSKIE,olkuski,0614001,19.58055556,50.26944444
157,0616001,JRG Proszowice,KP PSP Proszowice,KW PSP Kraków,48909,1,1,1,3996,2298,7,567,3,9,470457119,471,1,0,MAŁOPOLSKIE,proszowicki,0616001,20.30425,50.19146111
158,0613002,JRG Rabka,KP PSP Nowy Targ,KW PSP Kraków,41590,0,2,0,2381,1345,8,461,0,11,254800416,255,2,0,MAŁOPOLSKIE,nowotarski,0613002,19.95581944,49.61262778
159,0618002P1,PJRG Siedliska,KM PSP Tarnów,KW PSP Kraków,73615,0,3,1,5846,2628,0,0,0,0,691531623,692,4,0,0,0,0,0,0
160,0617001,JRG Sucha Beskidzka,KP PSP Sucha Beskidzka,KW PSP Kraków,79903,1,4,0,5410,3398,7,1166,1,11,684604730,685,4,0,MAŁOPOLSKIE,suski,0617001,19.61900556,49.73505556
161,0618001,JRG 1 Tarnów,KM PSP Tarnów,KW PSP Kraków,114707,0,4,2,13035,7853,17,1002,6,33,423772779,424,3,0,MAŁOPOLSKIE,Tarnów,0618001,20.97388056,50.0217
162,0618002,JRG 2 Tarnów,KM PSP Tarnów,KW PSP Kraków,85268,1,2,0,2538,1502,17,935,3,30,294389371,295,2,0,MAŁOPOLSKIE,Tarnów,0618002,21.0106,50.03571944
163,0620002,JRG Wadowice,KP PSP Wadowice,KW PSP Kraków,97802,1,3,1,7892,4166,11,1430,2,8,466102902,467,3,0,MAŁOPOLSKIE,wadowicki,0620002,19.49263333,49.88755556
164,0621001,JRG Wieliczka,KP PSP Wieliczka,KW PSP Kraków,130920,0,3,2,9969,5453,10,1130,5,8,349391991,350,3,0,MAŁOPOLSKIE,wielicki,0621001,20.051775,49.98166667
165,0615001,JRG Oświęcim,KP PSP Oświęcim,KW PSP Kraków,118974,1,3,0,7061,3912,16,1911,3,17,335637876,336,2,0,MAŁOPOLSKIE,oświęcimski,0615001,19.22825556,50.02791111
166,0608001P1,PJRG Mszana Dolna,KP PSP Limanowa,KW PSP Kraków,30344,0,2,0,2027,1422,0,0,0,0,249319104,250,1,0,0,0,0,0,0
167,0608001,JRG Limanowa,KP PSP Limanowa,KW PSP Kraków,95036,3,4,0,4695,3483,12,1287,3,12,679870871,680,3,0,MAŁOPOLSKIE,limanowski,0608001,20.43165,49.70379444
168,0301001,JRG 1 Lublin,KM PSP Lublin,KW PSP Lublin,189170,1,6,1,12269,8488,17,2217,2,13,288580001,289,2,0,LUBELSKIE,Lublin,0301001,22.55555556,51.23944444
169,0301002,JRG 2 Lublin,KM PSP Lublin,KW PSP Lublin,70295,0,3,0,8066,5802,8,876,1,10,147078178,148,1,0,LUBELSKIE,Lublin,0301002,22.56666667,51.20638889
170,0301003,JRG 3 Lublin,KM PSP Lublin,KW PSP Lublin,35065,1,0,0,0,0,8,825,3,8,79511123,80,0,0,LUBELSKIE,Lublin,0301003,22.63777778,51.23888889
171,0301004,JRG 4 Lublin,KM PSP Lublin,KW PSP Lublin,109826,2,2,1,6643,4285,8,1098,0,7,167303674,168,1,0,LUBELSKIE,Lublin,0301004,22.57722222,51.27055556
172,0303001,JRG Biała Podlaska,KM PSP Biała Podlaska,KW PSP Lublin,96969,1,4,1,9223,4791,14,996,0,15,1451719614,1452,2,0,LUBELSKIE,Biała Podlaska,0303001,23.157425,52.023675
173,0304001,JRG Międzyrzec Podlaski,KM PSP Biała Podlaska,KW PSP Lublin,35073,0,1,1,2542,1546,7,326,0,12,593989794,594,1,0,LUBELSKIE,bialski,0304001,22.77687222,51.97587222
174,0304002,JRG Małaszewicze,KM PSP Biała Podlaska,KW PSP Lublin,27135,0,2,0,2736,1526,7,269,0,12,691849750,692,2,0,LUBELSKIE,bialski,0304002,23.53505,52.02762778
175,0308001,JRG Hrubieszów,KP PSP Hrubieszów,KW PSP Lublin,57847,0,2,1,4709,2678,7,1100,2,11,1353457136,1354,2,0,LUBELSKIE,hrubieszowski,0308001,23.91286944,50.80437778
176,0309001,JRG Janów Lubelski,KP PSP Janów Lubelski,KW PSP Lublin,42062,1,1,1,1231,785,7,542,0,9,875286752,876,1,0,LUBELSKIE,janowski,0309001,22.41388889,50.70694444
177,0316001,JRG Parczew,KP PSP Parczew,KW PSP Lublin,33322,1,1,1,1345,810,7,425,0,9,1004803546,1005,1,0,LUBELSKIE,parczewski,0316001,22.90339167,51.64386111
178,0322001,JRG Włodawa,KP PSP Włodawa,KW PSP Lublin,34925,0,6,0,2067,1501,7,392,0,10,1323523705,1324,4,0,LUBELSKIE,włodawski,0322001,23.55174167,51.54433333
179,0321001,JRG Tomaszów Lubelski,KP PSP Tomaszów Lubelski,KW PSP Lublin,83348,1,4,1,7685,5302,8,971,0,10,1641789142,1642,4,0,LUBELSKIE,tomaszowski,0321001,23.42267778,50.44404167
180,0315001,JRG Opole Lubelskie,KP PSP Opole Lubelskie,KW PSP Lublin,32250,0,1,0,2213,1156,23,2074,4,13,557102820,558,1,0,LUBELSKIE,opolski,0315001,21.96888889,51.14722222
181,0315001P1,PJRG Poniatowa,KP PSP Opole Lubelskie,KW PSP Lublin,24565,1,0,1,1981,996,0,0,0,0,276567141,277,1,0,0,0,0,0,0
182,0320001,JRG Świdnik,KP PSP Świdnik,KW PSP Lublin,45255,1,1,1,5486,3468,7,732,1,11,98843659,99,1,0,LUBELSKIE,świdnicki,0320001,22.70147222,51.22634722
183,0320001P1,PJRG Piaski,KP PSP Świdnik,KW PSP Lublin,25531,0,1,0,1807,934,3,732,1,1,443177781,444,1,0,0,0,0,0,0
184,0319001P1,PJRG Dęblin,KP PSP Ryki,KW PSP Lublin,23332,0,1,0,1963,947,0,0,0,0,189150125,190,1,0,0,0,0,0,0
185,0323001,JRG Zamość,KM PSP Zamość,KW PSP Lublin,118882,0,5,1,11338,8014,16,1242,2,9,1195900795,1196,2,0,LUBELSKIE,Zamość,0323001,23.26076944,50.72445
186,0302001,JRG Bełżyce,KM PSP Lublin,KW PSP Lublin,46033,1,1,2,3871,2808,7,352,0,6,498722657,499,2,0,LUBELSKIE,lubelski,0302001,22.28111111,51.17111111
187,0318001,JRG Radzyń Podlaski,KP PSP Radzyń Podlaski,KW PSP Lublin,57538,1,2,2,2464,1286,7,578,8,5,1023445681,1024,2,0,LUBELSKIE,radzyński,0318001,22.61826389,51.79098056
188,0312001,JRG Lubartów,KP PSP Lubartów,KW PSP Lublin,72577,1,2,1,4881,2756,9,1240,0,7,1038143464,1039,2,0,LUBELSKIE,lubartowski,0312001,22.58973333,51.48242778
189,0317001,JRG Puławy,KP PSP Puławy,KW PSP Lublin,96023,2,2,1,8113,4895,12,1862,2,9,840639844,841,2,0,LUBELSKIE,puławski,0317001,21.99065278,51.41491111
190,0311001,JRG Kraśnik,KP PSP Kraśnik,KW PSP Lublin,85337,1,2,2,7138,5110,9,998,4,13,983386407,984,4,0,LUBELSKIE,kraśnicki,0311001,22.24882778,50.92744167
191,1403001,JRG Bartoszyce,KP PSP Bartoszyce,KW PSP Olsztyn,46917,2,2,1,4488,1896,7,412,1,7,1200289363,1201,2,6,WARMIŃSKO-MAZURSKIE,bartoszycki,1403001,20.80258611,54.26220556
192,1404001,JRG Braniewo,KP PSP Braniewo,KW PSP Olsztyn,34290,1,2,1,3611,1385,11,599,3,9,1082515272,1083,1,9,WARMIŃSKO-MAZURSKIE,braniewski,1404001,19.82401667,54.38348611
193,1405001,JRG Działdowo,KP PSP Działdowo,KW PSP Olsztyn,61335,2,3,1,5863,3186,12,492,2,10,966714096,967,3,16,WARMIŃSKO-MAZURSKIE,działdowski,1405001,20.17557222,53.23278889
194,1408001,JRG Ełk,KP PSP Ełk,KW PSP Olsztyn,79052,3,3,1,7337,3255,10,1009,4,15,1048060562,1049,2,3,WARMIŃSKO-MAZURSKIE,ełcki,1408001,22.37927778,53.8309
195,1409001,JRG Giżycko,KP PSP Giżycko,KW PSP Olsztyn,52894,1,4,1,4955,2845,7,1036,4,10,1145491675,1146,4,0,WARMIŃSKO-MAZURSKIE,giżycki,1409001,21.78323333,54.03598611
196,1420001,JRG Gołdap,KP PSP Gołdap,KW PSP Olsztyn,22936,0,1,1,2218,1072,7,519,1,13,770942249,771,1,17,WARMIŃSKO-MAZURSKIE,gołdapski,1420001,22.29745,54.29888611
197,1410001,JRG Iława,KP PSP Iława,KW PSP Olsztyn,81881,1,3,1,7616,3524,7,821,1,6,1228931014,1229,3,0,WARMIŃSKO-MAZURSKIE,iławski,1410001,19.56995833,53.58926389
198,1411001,JRG Kętrzyn,KP PSP Kętrzyn,KW PSP Olsztyn,55528,1,2,0,752,730,7,542,0,5,1137997101,1138,2,11,WARMIŃSKO-MAZURSKIE,kętrzyński,1411001,21.38065833,54.07536389
199,1414001,JRG Nidzica,KP PSP Nidzica,KW PSP Olsztyn,30155,1,2,0,3445,1387,7,418,0,13,1071761567,1072,1,0,WARMIŃSKO-MAZURSKIE,nidzicki,1414001,20.41555556,53.35611111
200,1415001,JRG Nowe Miasto Lubawskie,KP PSP Nowe Miasto Lubawskie,KW PSP Olsztyn,45493,1,1,1,3107,1589,7,489,0,5,807914874,808,2,14,WARMIŃSKO-MAZURSKIE,nowomiejski,1415001,19.59388889,53.42722222
201,1416002,JRG Olecko,KP PSP Olecko,KW PSP Olsztyn,31486,0,1,0,2100,1071,7,672,2,10,853523677,854,1,0,WARMIŃSKO-MAZURSKIE,olecki,1416002,22.50133056,54.03400833
202,1418001,JRG Pisz,KP PSP Pisz,KW PSP Olsztyn,48050,1,4,0,5134,5134,7,547,1,10,1576547638,1577,4,10,WARMIŃSKO-MAZURSKIE,piski,1418001,21.79333056,53.63287778
203,1419001,JRG Szczytno,KP PSP Szczytno,KW PSP Olsztyn,63031,1,4,0,6149,2824,7,774,2,10,1819756000,1820,3,0,WARMIŃSKO-MAZURSKIE,szczycieński,1419001,20.98314722,53.55779722
204,1421001,JRG Węgorzewo,KP PSP Węgorzewo,KW PSP Olsztyn,21085,1,1,0,1701,633,7,362,0,7,736945887,737,1,18,WARMIŃSKO-MAZURSKIE,węgorzewski,1421001,21.74578333,54.21274167
205,1413001,JRG Mrągowo,KP PSP Mrągowo,KW PSP Olsztyn,45159,3,3,0,4954,2075,7,571,0,9,1027898593,1028,2,0,WARMIŃSKO-MAZURSKIE,mrągowski,1413001,21.30731667,53.86413889
206,1412001,JRG Lidzbark Warmiński,KP PSP Lidzbark Warmiński,KW PSP Olsztyn,35280,0,3,0,4389,1654,7,391,2,4,1087898905,1088,2,12,WARMIŃSKO-MAZURSKIE,lidzbarski,1412001,20.57274722,54.12210833
207,1401001,JRG nr 1 Olsztyn,KM PSP Olsztyn,KW PSP Olsztyn,173393,6,5,2,17594,10530,17,1887,2,13,1099080682,1100,4,1,WARMIŃSKO-MAZURSKIE,Olsztyn,1401001,20.47605833,53.7721
208,1401002,JRG nr 2 Olsztyn,KM PSP Olsztyn,KW PSP Olsztyn,70608,5,3,0,7182,4060,9,935,1,15,626847480,627,2,20,WARMIŃSKO-MAZURSKIE,Olsztyn,1401002,20.49929722,53.789525
209,1402001,JRG Biskupiec,KM PSP Olsztyn,KW PSP Olsztyn,38320,1,3,0,4492,2187,8,471,0,7,915261311,916,3,22,WARMIŃSKO-MAZURSKIE,olsztyński,1402001,20.95612778,53.86117778
210,1417001,JRG Morąg,KP PSP Ostróda,KW PSP Olsztyn,50591,0,4,0,6087,2488,7,508,1,8,1007528979,1008,4,24,WARMIŃSKO-MAZURSKIE,ostródzki,1417001,19.92875,53.91033333
211,1417002,JRG Ostróda,KP PSP Ostróda,KW PSP Olsztyn,61466,0,2,1,5584,2077,9,773,1,14,1066378925,1067,2,4,WARMIŃSKO-MAZURSKIE,ostródzki,1417002,19.96587778,53.70125
212,1406001,JRG nr 1 Elbląg,KM PSP Elbląg,KW PSP Olsztyn,67704,1,5,1,14536,8251,13,1031,3,11,569701527,570,3,2,WARMIŃSKO-MAZURSKIE,Elbląg,1406001,19.44042222,54.15595
213,1407001,JRG nr 2 Elbląg,KM PSP Elbląg,KW PSP Olsztyn,70291,0,1,0,815,415,8,712,3,5,345671540,346,1,21,WARMIŃSKO-MAZURSKIE,Elbląg,1407001,19.39727778,54.17208056
214,1407002,JRG Pasłęk,KP PSP Ostróda,KW PSP Olsztyn,27961,0,1,0,1905,1191,8,388,2,6,771949556,772,1,23,WARMIŃSKO-MAZURSKIE,elbląski,1407002,19.65540556,54.06161944
215,0805001,JRG 1 Kędzierzyn-Koźle,KP PSP Kędzierzyn-Koźle,KW PSP Opole,47576,0,1,0,991,977,12,702,2,16,211510053,212,1,0,OPOLSKIE,kędzierzyńsko-kozielski,0805001,18.24362222,50.31206667
216,0801001,JRG nr 1 Opole,KM PSP Opole,KW PSP Opole,116829,1,5,1,12175,6381,13,1287,5,21,620062668,621,3,0,OPOLSKIE,Opole,0801001,17.96263333,50.66424722
217,0805002,JRG 2 Kędzierzyn-Koźle,KP PSP Kędzierzyn-Koźle,KW PSP Opole,42354,1,2,1,2686,2440,9,839,0,12,496079890,497,2,0,OPOLSKIE,kędzierzyńsko-kozielski,0805002,18.14061389,50.33448611
218,0803001,JRG Brzeg,KP PSP Brzeg,KW PSP Opole,67338,2,1,1,4467,2103,11,1592,0,18,615092119,616,1,0,OPOLSKIE,brzeski,0803001,17.49581944,50.84978333
219,0804001,JRG Głubczyce,KP PSP Głubczyce,KW PSP Opole,41654,1,2,1,3764,2018,8,489,1,18,684688506,685,2,0,OPOLSKIE,głubczycki,0804001,17.83211111,50.19513889
220,0809001,JRG Głuchołazy,KP PSP Nysa,KW PSP Opole,21155,1,1,0,1998,769,7,344,6,8,161487294,162,1,0,OPOLSKIE,nyski,0809001,17.38855833,50.32055833
221,0803002,JRG Grodków,KP PSP Brzeg,KW PSP Opole,23299,0,1,0,1672,792,7,376,0,9,399033955,400,1,0,OPOLSKIE,brzeski,0803002,17.38064167,50.69834722
222,0806001,JRG Kluczbork,KP PSP Kluczbork,KW PSP Opole,59826,0,3,1,5093,2420,8,631,6,16,896217339,897,3,0,OPOLSKIE,kluczborski,0806001,18.21638889,50.97555556
223,0807001,JRG Krapkowice,KP PSP Krapkowice,KW PSP Opole,57654,1,2,1,4682,2145,8,568,4,9,450413074,451,2,0,OPOLSKIE,krapkowicki,0807001,17.97511111,50.48661111
224,0808001,JRG Namysłów,KP PSP Namysłów,KW PSP Opole,43876,1,1,1,3140,1630,8,644,5,8,814679682,815,2,0,OPOLSKIE,namysłowski,0808001,17.72060556,51.07753333
225,0802001,JRG nr 3 Niemodlin,KM PSP Opole,KW PSP Opole,23411,0,1,0,1798,726,8,400,4,12,418575219,419,1,0,OPOLSKIE,opolski,0802001,17.61834167,50.64084722
226,0809002,JRG Nysa,KP PSP Nysa,KW PSP Opole,80967,1,3,1,8388,3751,11,1047,2,12,722664685,723,2,0,OPOLSKIE,nyski,0809002,17.32928889,50.47271944
227,0810001,JRG Olesno,KP PSP Olesno,KW PSP Opole,57107,1,2,1,3949,2063,8,905,3,8,969658231,970,3,0,OPOLSKIE,oleski,0810001,18.41858056,50.87621389
228,0809003,JRG Paczków,KP PSP Nysa,KW PSP Opole,16544,0,1,0,1615,575,7,291,1,8,178224201,179,1,0,OPOLSKIE,nyski,0809003,17.00620833,50.46051944
229,0811001,JRG Prudnik,KP PSP Prudnik,KW PSP Opole,47787,2,2,1,4632,2247,8,444,2,10,518449945,519,2,0,OPOLSKIE,prudnicki,0811001,17.56737778,50.31780556
230,0812001,JRG Strzelce Opolskie,KP PSP Strzelce Opolskie,KW PSP Opole,67547,1,2,1,4998,2282,8,596,5,11,721009947,722,2,0,OPOLSKIE,strzelecki,0812001,18.31124167,50.51876667
231,0925001,JRG Lesko,KP PSP Lesko,KW PSP Rzeszów,26724,1,5,1,340,7374,7,587,1,7,826410822,827,6,0,PODKARPACKIE,leski,0925001,22.32388889,49.475
232,0924002,JRG Ustrzyki Dolne,KP PSP w Ustrzykach Dolnych,KW PSP Rzeszów,20069,0,3,0,2410,1112,7,858,1,7,1157524097,1158,2,0,PODKARPACKIE,bieszczadzki,0924002,22.58636944,49.42973611
233,0903001,JRG Brzozów,KP PSP Brzozów,KW PSP Rzeszów,52865,1,2,0,3131,1804,7,1058,0,11,405560405,406,1,0,PODKARPACKIE,brzozowski,0903001,22.02277778,49.69677778
234,0906001,JRG Jasło,KP PSP Jasło,KW PSP Rzeszów,113067,1,3,1,7232,4648,11,698,2,14,923007425,924,2,0,PODKARPACKIE,jasielski,0906001,21.46457222,49.74690833
235,0921001,JRG Strzyżów,KP PSP Strzyżów,KW PSP Rzeszów,54318,1,2,0,3278,1953,7,706,1,5,497442687,498,1,0,PODKARPACKIE,strzyżowski,0921001,21.77361667,49.87682778
236,0901002P1,PJRG Dynów,KM PSP Rzeszów,KW PSP Rzeszów,39731,1,3,0,3249,1194,0,0,0,0,663331571,664,3,0,0,0,0,0,0
237,0915001,JRG Przemyśl,KM PSP Przemyśl,KW PSP Rzeszów,111020,4,5,1,9924,1106,20,1767,0,17,973109848,974,4,0,PODKARPACKIE,przemyski,0915001,22.77777778,49.78722222
238,0901002,JRG nr 2 Rzeszów,KM PSP Rzeszów,KW PSP Rzeszów,141616,2,5,1,11485,5815,8,798,0,6,415339110,416,4,0,PODKARPACKIE,Rzeszów,0901002,21.99108333,50.01732222
239,0904002,JRG nr 2 Dębica,KP PSP Dębica,KW PSP Rzeszów,48425,0,3,1,7035,3204,7,472,0,13,375005879,376,2,0,PODKARPACKIE,dębicki,0904002,21.38391389,50.04170833
240,0904001,JRG nr 1 Dębica,KP PSP Dębica,KW PSP Rzeszów,69812,1,1,0,1436,622,7,481,1,10,289136601,290,1,0,PODKARPACKIE,dębicki,0904001,21.42036944,50.04918056
241,0918001,JRG Ropczyce,KP PSP Ropczyce,KW PSP Rzeszów,70191,1,2,1,4269,2189,7,933,0,7,548313220,549,1,0,PODKARPACKIE,ropczycko-sędziszowski,0918001,21.61186111,50.05161111
242,0912001,JRG Łańcut,KP PSP Łańcut,KW PSP Rzeszów,85419,1,2,1,5166,3299,8,972,0,8,507547240,508,2,0,PODKARPACKIE,łańcucki,0912001,22.23351944,50.07789444
243,0901001,JRG nr 1 Rzeszów,KM PSP Rzeszów,KW PSP Rzeszów,175045,1,4,1,11599,7210,22,1517,4,16,435516765,436,3,0,PODKARPACKIE,Rzeszów,0901001,21.995825,50.03643333
244,0910001,JRG Leżajsk,KP PSP Leżajsk,KW PSP Rzeszów,43146,1,1,1,2101,2101,8,492,0,9,390488185,391,1,0,PODKARPACKIE,leżajski,0910001,22.41574444,50.26318611
245,0913001,JRG 1 Mielec,KP PSP Mielec,KW PSP Rzeszów,85479,0,1,0,1372,573,9,806,1,6,544252994,545,1,0,PODKARPACKIE,mielecki,0913001,21.42418333,50.29246667
246,0907001,JRG Kolbuszowa,KP PSP Kolbuszowa,KW PSP Rzeszów,48868,1,0,0,0,0,7,694,1,5,628923510,629,0,0,PODKARPACKIE,kolbuszowski,0907001,21.77673056,50.24320833
247,0911001,JRG Lubaczów,KP PSP Lubaczów,KW PSP Rzeszów,50015,1,3,1,3917,2961,7,1111,0,9,1293793230,1294,3,0,PODKARPACKIE,lubaczowski,0911001,23.13312778,50.15005556
248,0913002,JRG 2 Mielec,KP PSP Mielec,KW PSP Rzeszów,41438,2,4,1,9203,5518,8,491,3,9,352583974,353,3,0,PODKARPACKIE,mielecki,0913002,21.45885556,50.30691389
249,0910002,JRG Nowa Sarzyna,KP PSP Leżajsk,KW PSP Rzeszów,42856,0,2,0,2191,1418,9,344,2,9,541751849,542,2,0,PODKARPACKIE,leżajski,0910002,22.33324167,50.32859167
250,0923001,JRG Nowa Dęba,KM PSP Tarnobrzeg,KW PSP Rzeszów,24827,1,2,0,2183,1069,7,168,0,9,356656855,357,1,0,PODKARPACKIE,tarnobrzeski,0923001,21.73041944,50.41512222
251,0914001,JRG Nisko,KP PSP Nisko,KW PSP Rzeszów,49978,1,2,0,2823,1519,7,408,5,9,565760315,566,2,0,PODKARPACKIE,niżański,0914001,22.14744444,50.49838889
252,0920002,JRG nr 2 Stalowa Wola,KP PSP Stalowa Wola,KW PSP Rzeszów,15124,0,0,0,0,0,7,457,0,5,281247342,282,0,0,PODKARPACKIE,stalowowolski,0920002,22.04651667,50.5557
253,0922001,JRG Tarnobrzeg,KM PSP Tarnobrzeg,KW PSP Rzeszów,68728,1,3,0,6134,3645,11,608,1,15,397644732,398,2,0,PODKARPACKIE,Tarnobrzeg,0922001,21.67349167,50.57107778
254,1601001,JRG nr 1 Szczecin,KM PSP Szczecin,KW PSP Szczecin,155248,3,7,1,30861,18146,13,1801,3,5,148368980,149,1,1,ZACHODNIOPOMORSKIE,Szczecin,1601001,14.55326111,53.42539444
255,1601004,JRG nr 4 Szczecin,KM PSP Szczecin,KW PSP Szczecin,14304,0,0,0,0,0,7,226,0,4,62660420,63,0,0,ZACHODNIOPOMORSKIE,Szczecin,1601004,14.61429444,53.50107222
256,1601005,JRG nr 5 Szczecin,KM PSP Szczecin,KW PSP Szczecin,85127,0,3,0,10232,6512,8,675,1,5,51579033,52,1,0,ZACHODNIOPOMORSKIE,Szczecin,1601005,14.57439167,53.44099722
257,1602001,JRG Białogard,KP PSP Białogard,KW PSP Szczecin,49267,1,1,1,4629,2424,7,568,1,5,1138905614,1139,1,0,ZACHODNIOPOMORSKIE,białogardzki,1602001,15.99534167,53.99811389
258,1603001,JRG Choszczno,KP PSP Choszczno,KW PSP Szczecin,54493,2,2,0,3081,1469,7,599,0,6,1770169484,1771,1,0,ZACHODNIOPOMORSKIE,choszczeński,1603001,15.41922222,53.16636389
259,1607001,JRG Gryfino,KP PSP Gryfino,KW PSP Szczecin,39250,1,2,0,2946,1514,10,2186,1,12,701090849,702,1,6,ZACHODNIOPOMORSKIE,gryfiński,1607001,14.48978611,53.24955278
260,1608002,PJRG Międzyzdroje,KP PSP Kamień Pomorski,KW PSP Szczecin,16464,0,3,0,4579,1615,4,304,1,4,414738926,415,1,0,0,0,0,0,0
261,1609001,JRG Kołobrzeg,KP PSP Kołobrzeg,KW PSP Szczecin,72518,1,3,1,9321,5882,9,1151,3,14,625816929,626,2,21,ZACHODNIOPOMORSKIE,kołobrzeski,1609001,15.55264722,54.16807778
262,1610001,JRG nr 1 Koszalin,KM PSP Koszalin,KW PSP Szczecin,124890,2,5,1,16174,9596,9,972,1,11,711715704,712,2,0,ZACHODNIOPOMORSKIE,Koszalin,1610001,16.19132778,54.19662222
263,1610002,JRG nr 2 Koszalin,KM PSP Koszalin,KW PSP Szczecin,28711,1,0,0,0,0,13,918,1,10,589768256,590,0,2,ZACHODNIOPOMORSKIE,Koszalin,1610002,16.19301111,54.17504722
264,1612002,JRG Myślibórz,KP PSP Myślibórz,KW PSP Szczecin,36270,1,2,0,3348,1214,6,431,1,8,1085596636,1086,2,0,ZACHODNIOPOMORSKIE,myśliborski,1612002,14.87296944,52.92559722
265,1613001,JRG Police,KP PSP Police,KW PSP Szczecin,41137,1,2,0,4678,2663,0,0,0,0,492711024,493,1,0,ZACHODNIOPOMORSKIE,policki,1613001,14.55762778,53.55145278
266,1614001,JRG Pyrzyce,KP PSP Pyrzyce,KW PSP Szczecin,35199,1,2,0,3535,1805,7,771,1,4,810242012,811,1,16,ZACHODNIOPOMORSKIE,pyrzycki,1614001,14.89194167,53.15026944
267,1615001,PJRG Darłowo,KP PSP Sławno,KW PSP Szczecin,22747,0,1,0,2514,1252,5,362,0,4,369770944,370,1,0,0,0,0,0,0
268,1616002,JRG Stargard,KP PSP Stargard,KW PSP Szczecin,98772,2,5,1,13138,6303,15,1175,8,12,876204346,877,1,4,ZACHODNIOPOMORSKIE,stargardzki,1616002,15.03780833,53.33345833
269,1618001,JRG Świdwin,KP PSP Świdwin,KW PSP Szczecin,40740,1,2,0,3891,1916,7,1065,0,8,988010167,989,2,13,ZACHODNIOPOMORSKIE,świdwiński,1618001,15.78040833,53.78511667
270,1619001,JRG Nr 1 Świnoujście,KM PSP Świnoujście,KW PSP Szczecin,34467,1,1,1,2437,2437,7,776,0,5,77755651,78,1,0,ZACHODNIOPOMORSKIE,Świnoujście,1619001,14.24531111,53.91030833
271,1619002,JRG Nr 2 Świnoujście,KM PSP Świnoujście,KW PSP Szczecin,5185,0,0,0,0,0,6,310,2,9,117012596,118,0,3,ZACHODNIOPOMORSKIE,Świnoujście,1619002,14.29551667,53.90208056
272,1620001,JRG Wałcz,KP PSP Wałcz,KW PSP Szczecin,49136,1,2,1,2476,1863,7,1130,0,9,1630958540,1631,2,18,ZACHODNIOPOMORSKIE,wałecki,1620001,16.46070556,53.26316389
273,1621001,JRG Łobez,KP PSP Łobez,KW PSP Szczecin,27647,0,2,1,4572,1954,7,532,2,6,792508442,793,2,19,ZACHODNIOPOMORSKIE,łobeski,1621001,15.61958333,53.64452778
274,0215001,JRG Radziejów,KP PSP Radziejów,KW PSP Toruń,46082,0,2,0,2772,1468,8,1015,1,5,804699043,805,2,0,KUJAWSKO-POMORSKIE,radziejowski,0215001,18.51466111,52.61480833
275,0211002,JRG 2 Inowrocław,KP PSP Inowrocław,KW PSP Toruń,75726,0,0,0,0,0,7,779,0,6,622799188,623,0,0,KUJAWSKO-POMORSKIE,inowrocławski,0211002,18.27261389,52.80496389
276,0220001,JRG Wąbrzeźno,KP PSP Wąbrzeźno,KW PSP Toruń,37213,1,3,0,4574,2035,7,487,0,9,608056050,609,3,0,KUJAWSKO-POMORSKIE,wąbrzeski,0220001,18.971525,53.27203056
277,0204001,JRG Brodnica,KP PSP Brodnica,KW PSP Toruń,72280,1,4,0,6950,3281,9,901,2,5,961126998,962,3,0,KUJAWSKO-POMORSKIE,brodnicki,0204001,19.39594444,53.25869444
278,0218001,JRG Świecie,KP PSP Świecie,KW PSP Toruń,87014,1,5,1,9103,4781,10,666,8,9,1283111910,1284,2,0,KUJAWSKO-POMORSKIE,świecki,0218001,18.46586944,53.41263889
279,0212001,JRG Lipno,KP PSP Lipno,KW PSP Toruń,64065,1,0,0,0,0,8,1301,1,6,1131019181,1132,0,0,KUJAWSKO-POMORSKIE,lipnowski,0212001,19.17155278,52.85230833
280,0209001,JRG nr 1 Grudziądz,KM PSP Grudziądz,KW PSP Toruń,77930,0,2,1,6397,2432,10,1157,2,7,574912978,575,2,0,KUJAWSKO-POMORSKIE,grudziądzki,0209001,18.75763611,53.49043333
281,0207001,JRG Chełmno,KP PSP Chełmno,KW PSP Toruń,43982,0,2,0,1903,3083,7,561,2,5,446776682,447,1,0,KUJAWSKO-POMORSKIE,chełmiński,0207001,18.44889167,53.35138889
282,0208001,JRG Golub-Dobrzyń,KP PSP Golub-Dobrzyń,KW PSP Toruń,43347,0,1,1,3314,1538,7,1059,3,11,625052314,626,2,0,KUJAWSKO-POMORSKIE,golubsko-dobrzyński,0208001,19.04841944,53.09805278
283,0201001,JRG nr 1 Toruń,KM PSP Toruń,KW PSP Toruń,130803,1,13,2,42940,21960,13,1989,4,11,290144294,291,3,0,KUJAWSKO-POMORSKIE,Toruń,0201001,18.60251667,53.02511667
284,0205003,JRG nr 3 Bydgoszcz,KM PSP Bydgoszcz,KW PSP Toruń,84743,3,3,2,10301,5203,10,967,0,9,390314967,391,2,0,KUJAWSKO-POMORSKIE,Bydgoszcz,0205003,17.98802778,53.13867222
285,0214001,JRG Nakło nad Notecią,KP PSP NAKŁO nad Notecią,KW PSP Toruń,61325,2,2,1,4642,2388,7,500,5,10,807683716,808,3,0,KUJAWSKO-POMORSKIE,nakielski,0214001,17.59388889,53.13805556
286,0203001,JRG Aleksandrów Kujawski,KP PSP Aleksandrów Kujawski,KW PSP Toruń,32912,1,2,0,2927,1531,14,888,4,8,392433282,393,2,0,KUJAWSKO-POMORSKIE,aleksandrowski,0203001,18.70753611,52.86463889
287,0221001,JRG nr 1 Włocławek,KM PSP Włocławek,KW PSP Toruń,113151,1,8,1,19581,10309,16,277,1,11,792024284,793,1,0,KUJAWSKO-POMORSKIE,Włocławek,0221001,19.04426389,52.6588
288,0213001,JRG Mogilno,KP PSP Mogilno,KW PSP Toruń,48083,0,2,0,3241,2450,7,1115,6,9,831352111,832,1,0,KUJAWSKO-POMORSKIE,mogileński,0213001,17.95583333,52.65888889
289,0217001,JRG Sępólno Krajeńskie,KP PSP Sępólno Krajenskie,KW PSP Toruń,37429,1,2,1,3119,1690,7,555,1,7,793134979,794,3,0,KUJAWSKO-POMORSKIE,sępoleński,0217001,17.52804722,53.44778333
290,0219001,JRG Tuchola,KP PSP Tuchola,KW PSP Toruń,50704,0,3,0,3426,2163,7,810,2,9,1300008796,1301,3,0,KUJAWSKO-POMORSKIE,tucholski,0219001,17.85667778,53.58729167
291,0223001,JRG Żnin,KP PSP Żnin,KW PSP Toruń,65214,1,3,0,5564,2738,7,1815,3,6,956279618,957,3,0,KUJAWSKO-POMORSKIE,żniński,0223001,17.72266667,52.85056667
292,0221002,JRG nr 2 Włocławek,KM PSP Włocławek,KW PSP Toruń,62038,0,0,0,0,0,48,205,1,6,612318976,613,0,0,KUJAWSKO-POMORSKIE,Włocławek,0221002,19.09347778,52.65548056
293,0209002,JRG nr 2 Grudziądz,KM PSP Grudziądz,KW PSP Toruń,47233,1,2,0,7411,3219,7,707,0,5,203917518,204,2,0,KUJAWSKO-POMORSKIE,Grudziądz,0209002,18.72861111,53.45527778
294,0203002,JRG Ciechocinek,KP PSP Aleksandrów Kujawski,KW PSP Toruń,19248,0,2,0,2737,1548,6,404,2,4,105254285,106,2,0,KUJAWSKO-POMORSKIE,aleksandrowski,0203002,18.78675278,52.878575
295,0201003,JRG nr 3 Toruń,KM PSP Toruń,KW PSP Toruń,100064,0,3,0,8440,4261,10,1612,0,7,351043254,352,2,0,KUJAWSKO-POMORSKIE,Toruń,0201003,18.68902778,53.03102222
296,0202001,JRG Chełmża,KM PSP Toruń,KW PSP Toruń,33700,0,2,0,3781,1938,8,468,1,5,337192314,338,2,0,KUJAWSKO-POMORSKIE,toruński,0202001,18.60903611,53.18460278
297,0201002,JRG nr 2 Toruń,KM PSP Toruń,KW PSP Toruń,31492,0,2,0,4455,2349,7,805,0,5,290113441,291,2,0,KUJAWSKO-POMORSKIE,Toruń,0201002,18.59157222,52.99094444
298,0214002,JRG Szubin,KP PSP NAKŁO nad Notecią,KW PSP Toruń,35047,1,2,0,3262,1648,7,453,5,16,564856273,565,2,0,KUJAWSKO-POMORSKIE,nakielski,0214002,17.7225,52.99833333
299,0211001,JRG 1 Inowrocław,KP PSP Inowrocław,KW PSP Toruń,73061,2,5,1,16384,8234,10,875,1,11,520793326,521,1,0,KUJAWSKO-POMORSKIE,inowrocławski,0211001,18.25828333,52.78008333
300,0205056,JRG SP PSP Bydgoszcz,KM PSP Bydgoszcz,KW PSP Toruń,95271,2,4,1,13731,7307,8,820,1,9,344062785,345,3,0,KUJAWSKO-POMORSKIE,Bydgoszcz,0205056,18.03321111,53.10031944
301,0205002,JRG nr 2 Bydgoszcz,KM PSP Bydgoszcz,KW PSP Toruń,93575,0,5,2,13440,8494,11,672,2,15,380602287,381,3,0,KUJAWSKO-POMORSKIE,Bydgoszcz,0205002,18.15915,53.14881667
302,0205004,JRG nr 4 Bydgoszcz,KM PSP Bydgoszcz,KW PSP Toruń,41555,0,1,0,3116,1629,8,389,2,3,234189521,235,1,0,KUJAWSKO-POMORSKIE,bydgoski,0205004,17.89833056,53.12521667
303,0205001,JRG nr 1 Bydgoszcz,KM PSP Bydgoszcz,KW PSP Toruń,134633,1,5,0,16449,9019,13,1739,2,12,27581115,28,2,0,KUJAWSKO-POMORSKIE,Bydgoszcz,0205001,18.00333611,53.12873056
304,0742001,JRG Żyrardów,KP PSP Żyrardów,KW PSP Warszawa,77528,1,2,1,7958,3770,10,1490,0,13,508751688,509,2,0,MAZOWIECKIE,żyrardowski,0742001,20.43355833,52.059675
305,0703001,JRG Białobrzegi,KP PSP Białobrzegi,KW PSP Warszawa,37775,0,1,1,1992,1110,7,813,1,9,764654500,765,1,0,MAZOWIECKIE,białobrzeski,0703001,20.95576389,51.6444
306,0704001,JRG Ciechanów,KP PSP Ciechanów,KW PSP Warszawa,83912,1,3,1,5580,2459,13,962,5,15,1036236497,1037,3,0,MAZOWIECKIE,ciechanowski,0704001,20.59888889,52.86888889
307,0705001,JRG Garwolin,KP PSP Garwolin,KW PSP Warszawa,101672,1,4,1,2905,1151,8,810,5,17,1198979952,1199,3,0,MAZOWIECKIE,garwoliński,0705001,21.61657222,51.89158333
308,0706001,JRG Gostynin,KP PSP Gostynin,KW PSP Warszawa,40900,1,1,1,3326,1914,7,487,3,10,620281074,621,1,0,MAZOWIECKIE,gostyniński,0706001,19.46516667,52.44004722
309,0707001,JRG Grodzisk Mazowiecki,KP PSP Grodzisk Mazowiecki,KW PSP Warszawa,98550,1,2,0,456,578,9,1038,3,9,367123303,368,2,0,MAZOWIECKIE,grodziski,0707001,20.62372222,52.11376944
310,0708001,JRG Grójec,KP PSP Grójec,KW PSP Warszawa,101432,1,4,1,9195,4348,7,1135,2,15,1203278780,1204,4,0,MAZOWIECKIE,grójecki,0708001,20.86266944,51.87071111
311,0709001,JRG Kozienice,KP PSP Kozienice,KW PSP Warszawa,46995,1,2,1,3336,1854,8,804,1,6,752725222,753,3,0,MAZOWIECKIE,kozienicki,0709001,21.54861944,51.58280833
312,0710001,JRG Legionowo,KP PSP Legionowo,KW PSP Warszawa,125228,0,3,1,9543,4223,10,1326,4,12,349653850,350,4,0,MAZOWIECKIE,legionowski,0710001,20.91643333,52.40865556
313,0712001,JRG Łosice,KP PSP Łosice,KW PSP Warszawa,30097,0,1,1,2656,1619,7,704,4,8,802032457,803,2,0,MAZOWIECKIE,łosicki,0712001,22.71061111,52.21517778
314,0713001,JRG Maków Mazowiecki,KP PSP Maków Mazowiecki,KW PSP Warszawa,40710,0,3,0,4666,2538,10,938,1,11,996666592,997,3,0,MAZOWIECKIE,makowski,0713001,21.09956944,52.86341944
315,0714001,JRG Mińsk Mazowiecki,KP PSP Mińsk Mazowiecki,KW PSP Warszawa,126020,2,3,1,9257,5892,11,908,1,13,1113186492,1114,3,0,MAZOWIECKIE,miński,0714001,21.56328056,52.18091111
316,0715001,JRG Mława,KP PSP Mława,KW PSP Warszawa,64126,2,0,0,0,0,9,872,3,10,1018846524,1019,0,0,MAZOWIECKIE,mławski,0715001,20.38417778,53.11369167
317,0716001,JRG Nowy Dwór Mazowiecki,KP PSP Nowy Dwór Mazowiecki,KW PSP Warszawa,82566,1,3,1,8533,3273,9,956,4,17,714312757,715,4,0,MAZOWIECKIE,nowodworski,0716001,20.74051667,52.43185556
318,0720001,JRG Otwock,KP PSP Otwock,KW PSP Warszawa,120850,1,2,1,8244,4990,14,2262,2,17,558260021,559,2,0,MAZOWIECKIE,otwocki,0720001,21.23545278,52.105775
319,0721001,JRG Piaseczno,KP PSP Piaseczno,KW PSP Warszawa,199345,3,5,0,13453,6608,12,1764,1,17,534539153,535,4,0,MAZOWIECKIE,piaseczyński,0721001,21.03468889,52.06735
320,0722001,JRG nr 1 Płock,KM PSP Płock,KW PSP Warszawa,121021,1,4,2,11803,6628,15,1221,1,19,787416058,788,4,0,MAZOWIECKIE,Płock,0722001,19.69750833,52.56146944
321,0722002,JRG nr 2 Płock,KM PSP Płock,KW PSP Warszawa,30596,0,1,0,1549,1025,7,303,2,12,483515973,484,1,0,MAZOWIECKIE,Płock,0722002,19.67782778,52.52909722
322,0722003,JRG nr 3 Płock,KM PSP Płock,KW PSP Warszawa,67321,0,2,0,4026,2382,7,590,1,8,550245479,551,2,0,MAZOWIECKIE,Płock,0722003,19.74893889,52.54381944
323,0724001,JRG Płońsk,KP PSP Płońsk,KW PSP Warszawa,84993,1,3,1,7397,3267,9,814,1,10,1419169974,1420,3,0,MAZOWIECKIE,płoński,0724001,20.37948333,52.63077778
324,0725001,JRG Pruszków,KP PSP Pruszków,KW PSP Warszawa,177533,0,4,1,13069,6373,14,1348,2,17,237946020,238,3,0,MAZOWIECKIE,pruszkowski,0725001,20.79011667,52.16433333
325,0726001,JRG Przasnysz,KP PSP Przasnysz,KW PSP Warszawa,52280,2,3,0,1094,654,7,486,2,15,1327395213,1328,3,0,MAZOWIECKIE,przasnyski,0726001,20.89488889,53.02138889
326,0727001,JRG Przysucha,KP PSP Przysucha,KW PSP Warszawa,40972,1,0,1,1438,656,7,559,1,11,883766553,884,1,0,MAZOWIECKIE,przysuski,0727001,20.62388889,51.35913889
327,0728001,JRG Pułtusk,KP PSP Pułtusk,KW PSP Warszawa,54438,1,2,0,885,476,8,562,0,11,894190296,895,1,0,MAZOWIECKIE,pułtuski,0728001,21.08613889,52.6986
328,0729001,JRG nr 1 Radom,KM PSP Radom,KW PSP Warszawa,126246,1,5,1,14372,10060,14,1635,3,9,412288207,413,3,0,MAZOWIECKIE,Radom,0729001,21.14869444,51.39955556
329,0729002,JRG nr 2 Radom,KM PSP Radom,KW PSP Warszawa,95449,1,3,1,7715,5175,12,1364,2,13,371558633,372,3,0,MAZOWIECKIE,Radom,0729002,21.18885556,51.42044167
330,0729003,JRG nr 3 Radom,KM PSP Radom,KW PSP Warszawa,72338,1,5,0,8381,5254,9,489,1,10,297776149,298,4,0,MAZOWIECKIE,Radom,0729003,21.10861111,51.35888889
331,0730001,JRG nr 4 Pionki,KM PSP Radom,KW PSP Warszawa,35354,1,1,1,3588,2262,8,282,0,10,328800433,329,2,0,MAZOWIECKIE,radomski,0730001,21.43844444,51.46701944
332,0731001,JRG nr 1 Siedlce,KM PSP Siedlce,KW PSP Warszawa,93904,1,4,1,10354,6715,12,1085,0,9,884826765,885,3,0,MAZOWIECKIE,Siedlce,0731001,22.27927222,52.17587222
333,0731002,JRG nr 2 Siedlce,KM PSP Siedlce,KW PSP Warszawa,55064,0,2,0,3597,2380,9,729,1,5,563005503,564,2,0,MAZOWIECKIE,Siedlce,0731002,22.28043333,52.15616111
334,0733001,JRG Sierpc,KP PSP Sierpc,KW PSP Warszawa,48497,0,1,1,3514,1562,7,514,1,9,852032709,853,1,0,MAZOWIECKIE,sierpecki,0733001,19.67173333,52.84130278
335,0734001,JRG Sochaczew,KP PSP Sochaczew,KW PSP Warszawa,86251,1,3,0,6840,3673,10,1097,2,10,788865923,789,2,0,MAZOWIECKIE,sochaczewski,0734001,20.23870278,52.23111111
336,0735001,JRG Sokołów Podlaski,KP PSP Sokołów Podlaski,KW PSP Warszawa,51310,1,2,1,4295,2815,8,616,0,13,1130917139,1131,2,0,MAZOWIECKIE,sokołowski,0735001,22.22966667,52.41441667
337,0736001,JRG Szydłowiec,KP PSP Szydłowiec,KW PSP Warszawa,34690,0,2,0,2369,1600,7,638,2,12,440140998,441,2,0,MAZOWIECKIE,szydłowiecki,0736001,20.86138889,51.22444444
338,1017001,JRG Zambrów,KP PSP Zambrów,KW PSP Białystok,42891,1,1,1,2866,1923,7,435,2,11,826081805,827,1,0,PODLASKIE,zambrowski,1017001,22.24250278,52.98717222
339,1010001,JRG Mońki,KP PSP Mońki,KW PSP Białystok,34407,0,1,1,1974,1025,7,346,0,10,1204619779,1205,1,14,PODLASKIE,moniecki,1010001,22.80180556,53.40172222
340,1011001,JRG Sejny,KP PSP Sejny,KW PSP Białystok,18176,0,1,1,1260,1013,0,0,0,0,855155931,856,1,0,PODLASKIE,sejneński,1011001,23.35135556,54.10716111
341,1003001,JRG Augustów,KP PSP Augustów,KW PSP Białystok,48573,1,1,1,3388,1937,9,411,2,14,1470481877,1471,1,4,PODLASKIE,augustowski,1003001,22.99016389,53.83917778
342,1014002,JRG nr 2 Suwałki,KM PSP Suwałki,KW PSP Białystok,51954,1,1,0,634,386,7,639,5,13,708632374,709,1,6,PODLASKIE,Suwałki,1014002,22.93481944,54.11823611
343,1005001,JRG Grajewo,KP PSP Grajewo,KW PSP Białystok,47704,1,1,1,2494,1800,8,472,2,17,1285897245,1286,1,5,PODLASKIE,grajewski,1005001,22.46972222,53.63977778
344,1013002,JRG Sokółka,KP PSP Sokółka,KW PSP Białystok,63532,1,6,1,5854,3891,12,736,0,14,2299099706,2300,6,8,PODLASKIE,sokólski,1013002,23.49694444,53.40455556
345,1001001,JRG nr 1 Białystok,KM PSP Białystok,KW PSP Białystok,77506,3,4,2,12315,6160,11,966,0,17,11627968,12,1,0,PODLASKIE,Białystok,1001001,23.1675,53.13611111
346,1001004,JRG nr 4 Białystok,KM PSP Białystok,KW PSP Białystok,94842,0,1,1,4982,3154,9,851,2,8,218709751,219,1,0,PODLASKIE,Białystok,1001004,23.12361111,53.11222222
347,1001003,JRG nr 3 Białystok,KM PSP Białystok,KW PSP Białystok,94537,0,2,0,3216,2015,7,573,0,5,596534638,597,2,2,PODLASKIE,Białystok,1001003,23.08444444,53.15722222
348,1001002,JRG nr 2 Białystok,KM PSP Białystok,KW PSP Białystok,75991,0,1,0,929,567,9,1229,0,13,504539668,505,1,0,PODLASKIE,Białystok,1001002,23.15638889,53.15722222
349,0701003,JRG nr   3 m.st.Warszawa,KM PSP m. st. Warszawa,KW PSP Warszawa,181562,16,8,1,7225,3764,13,2783,1,10,24943125,25,3,0,MAZOWIECKIE,Warszawa,0701003,21.02083333,52.21388889
350,0701004,JRG nr   4 m.st.Warszawa,KM PSP m. st. Warszawa,KW PSP Warszawa,142335,11,4,1,4184,1955,13,2655,4,6,16195692,17,2,0,MAZOWIECKIE,Warszawa,0701004,20.99437778,52.23820833
351,0701005,JRG nr   5 m.st.Warszawa,KM PSP m. st. Warszawa,KW PSP Warszawa,104625,4,3,1,3241,1734,13,1647,2,6,14082055,15,1,0,MAZOWIECKIE,Warszawa,0701005,21.04111111,52.24805556
352,0701006,JRG nr   6 m.st.Warszawa,KM PSP m. st. Warszawa,KW PSP Warszawa,93335,2,0,0,0,0,8,729,2,7,11936852,12,0,0,MAZOWIECKIE,Warszawa,0701006,20.89371944,52.20973889
353,0701008,JRG nr   8 m.st.Warszawa,KM PSP m. st. Warszawa,KW PSP Warszawa,167521,4,5,0,4095,2087,15,1819,9,14,28060828,29,1,0,MAZOWIECKIE,Warszawa,0701008,21.09308333,52.24286111
354,0701009,JRG nr   9 m.st.Warszawa,KM PSP m. st. Warszawa,KW PSP Warszawa,122750,0,4,0,3029,1848,12,1607,4,10,29147978,30,2,0,MAZOWIECKIE,Warszawa,0701009,21.00411944,52.18355556
355,0701010,JRG nr 10 m.st.Warszawa,KM PSP m. st. Warszawa,KW PSP Warszawa,89469,0,1,0,624,405,22,1667,3,23,39716157,40,1,0,MAZOWIECKIE,Warszawa,0701010,20.96425833,52.33416111
356,0701011,JRG nr 11 m.st.Warszawa,KM PSP m. st. Warszawa,KW PSP Warszawa,91794,0,4,1,5356,2471,8,549,3,6,111979038,112,2,0,MAZOWIECKIE,Warszawa,0701011,20.931675,52.2978
357,0701012,JRG nr 12 m.st.Warszawa,KM PSP m. st. Warszawa,KW PSP Warszawa,64717,3,1,1,1458,823,8,1425,2,6,65685325,66,1,0,MAZOWIECKIE,Warszawa,0701012,21.19409722,52.18173889
358,0701015,JRG nr 15 m.st.Warszawa,KM PSP m. st. Warszawa,KW PSP Warszawa,173483,2,4,0,2961,1843,12,772,6,11,56510282,57,3,0,MAZOWIECKIE,Warszawa,0701015,21.07361111,52.2875
359,0701016,JRG nr 16 m.st.Warszawa,KM PSP m. st. Warszawa,KW PSP Warszawa,73121,0,3,0,1957,883,8,506,2,4,20625458,21,1,0,MAZOWIECKIE,Warszawa,0701016,20.886125,52.19444444
360,0701017,JRG nr 17 m.st.Warszawa,KM PSP m. st. Warszawa,KW PSP Warszawa,156690,2,3,1,3144,1533,9,1304,1,17,49357881,50,1,0,MAZOWIECKIE,Warszawa,0701017,21.03697778,52.14119722
361,0701053,JRG SGSP m.st.Warszawa,KM PSP m. st. Warszawa,KW PSP Warszawa,55980,1,1,0,750,368,10,725,1,16,8542497,9,1,0,MAZOWIECKIE,Warszawa,0701053,20.97498056,52.27189722
362,0702001,JRG Błonie,KP PSP w pow. warsz. zachodnim,KW PSP Warszawa,64492,0,2,1,6803,2704,8,649,2,8,360465081,361,2,0,MAZOWIECKIE,warszawski zachodni,0702001,20.61361944,52.20580833
363,0738001P1,PJRG Tłuszcz,KP PSP Wołomin,KW PSP Warszawa,48683,0,1,0,474,287,5,601,3,1,522196046,523,1,0,0,0,0,0,0
364,0739001,JRG Wyszków,KP PSP Wyszków,KW PSP Warszawa,84164,1,5,1,2351,1200,9,827,2,6,978629882,979,3,0,MAZOWIECKIE,wyszkowski,0739001,21.45775556,52.59176111
365,0741001,JRG Żuromin,KP PSP Żuromin,KW PSP Warszawa,39117,0,1,1,2734,1381,7,349,1,10,911884536,912,2,0,MAZOWIECKIE,żuromiński,0741001,19.91223056,53.06475833
366,0129001,JRG Bogatynia,KP PSP Zgorzelec,KW PSP Wrocław,20993,0,1,0,2332,2332,7,520,0,4,136120007,137,1,0,DOLNOŚLĄSKIE,zgorzelecki,0129001,14.96056944,50.90288889
367,0111001,JRG Bystrzyca Kłodzka,KP PSP Kłodzko,KW PSP Wrocław,37210,1,1,1,3835,2254,7,368,0,10,788099135,789,2,0,DOLNOŚLĄSKIE,kłodzki,0111001,16.6472,50.29922222
368,0104001,JRG Dzierżoniów,KP PSP Dzierżoniów,KW PSP Wrocław,90637,0,3,1,11281,4073,9,1081,1,6,462474975,463,1,0,DOLNOŚLĄSKIE,dzierżoniowski,0104001,16.64861111,50.73243333
369,0105001,JRG Głogów,KP PSP Głogów,KW PSP Wrocław,87324,1,3,0,2281,4561,9,1051,0,9,491341030,492,1,0,DOLNOŚLĄSKIE,głogowski,0105001,16.05795833,51.66353056
370,0107001,JRG Jawor,KP PSP Jawor,KW PSP Wrocław,47828,1,2,1,5030,2540,7,694,0,5,529931703,530,1,0,DOLNOŚLĄSKIE,jaworski,0107001,16.19543056,51.04620556
371,0108001,JRG nr 1 Jelenia Góra,KM PSP Jelenia Góra,KW PSP Wrocław,43086,0,1,1,4510,1790,12,796,2,10,373396415,374,2,0,DOLNOŚLĄSKIE,Jelenia Góra,0108001,15.69985556,50.87098611
372,0108002,JRG nr 2 Jelenia Góra,KM PSP Jelenia Góra,KW PSP Wrocław,73095,2,2,1,8814,4558,7,833,1,6,313906743,314,1,0,DOLNOŚLĄSKIE,Jelenia Góra,0108002,15.73681944,50.90115833
373,0110001,JRG Kamienna Góra,KP PSP Kamienna Góra,KW PSP Wrocław,45338,2,1,1,3396,1591,7,721,1,7,494498440,495,1,0,DOLNOŚLĄSKIE,kamiennogórski,0110001,16.03516944,50.78845833
374,0111002,JRG Kłodzko,KP PSP Kłodzko,KW PSP Wrocław,67743,2,3,1,9638,5113,8,735,0,7,542658309,543,3,0,DOLNOŚLĄSKIE,kłodzki,0111002,16.64972222,50.43805556
375,0114001,JRG Lubań,KP PSP Lubań,KW PSP Wrocław,50004,1,0,1,3054,1071,8,974,2,9,440634778,441,1,0,DOLNOŚLĄSKIE,lubański,0114001,15.29129722,51.12323889
376,0115001,JRG Lubin,KP PSP Lubin,KW PSP Wrocław,100251,3,3,1,4949,2795,9,1240,2,10,665782255,666,1,0,DOLNOŚLĄSKIE,lubiński,0115001,16.21583333,51.39722222
377,0116001,JRG Lwówek Śląski,KP PSP Lwówek Śląski,KW PSP Wrocław,42389,1,2,0,3919,1770,7,419,0,8,694452376,695,2,0,DOLNOŚLĄSKIE,lwówecki,0116001,15.57643333,51.11213889
378,0117001,JRG Milicz,KP PSP Milicz,KW PSP Wrocław,37363,1,1,1,3031,1386,7,412,1,13,785229631,786,1,0,DOLNOŚLĄSKIE,milicki,0117001,17.28766389,51.51978889
379,0111003,JRG Nowa Ruda,KP PSP Kłodzko,KW PSP Wrocław,39109,0,2,0,4369,2399,7,383,1,9,335264651,336,1,0,DOLNOŚLĄSKIE,kłodzki,0111003,16.50268889,50.58425833
380,0118001,JRG Oleśnica,KP PSP Oleśnica,KW PSP Wrocław,72799,1,1,1,5558,2528,8,986,1,9,642046510,643,1,0,DOLNOŚLĄSKIE,oleśnicki,0118001,17.40055556,51.21416667
381,0122001,JRG Środa Śląska,KP PSP Środa Śląska,KW PSP Wrocław,32489,0,1,1,4294,2041,7,552,1,10,436670955,437,1,0,DOLNOŚLĄSKIE,średzki,0122001,16.58796667,51.17633611
382,0121001,JRG Strzelin,KP PSP Strzelin,KW PSP Wrocław,42203,0,1,1,4037,2014,7,1007,3,5,609876421,610,1,0,DOLNOŚLĄSKIE,strzeliński,0121001,17.07969444,50.78522222
383,0123001,JRG Świdnica,KP PSP Świdnica,KW PSP Wrocław,97121,3,2,1,9699,4812,8,886,0,7,468766430,469,2,0,DOLNOŚLĄSKIE,świdnicki,0123001,16.48574444,50.84021111
384,0123002,JRG Świebodzice,KP PSP Świdnica,KW PSP Wrocław,49335,0,1,1,4656,2789,7,520,3,5,289272308,290,2,0,DOLNOŚLĄSKIE,świdnicki,0123002,16.312,50.85931389
385,0118002,JRG Syców,KP PSP Oleśnica,KW PSP Wrocław,40121,0,2,0,3404,1353,7,512,0,8,575400241,576,2,0,DOLNOŚLĄSKIE,oleśnicki,0118002,17.72361111,51.30916667
386,0125001,JRG 1 Wałbrzych,KM PSP Wałbrzych,KW PSP Wrocław,75895,0,5,1,18122,11025,13,1143,2,15,297264674,298,1,0,DOLNOŚLĄSKIE,Wałbrzych,0125001,16.27805556,50.76416667
387,0125002,JRG 2 Wałbrzych,KM PSP Wałbrzych,KW PSP Wrocław,68722,1,0,0,0,0,9,734,2,16,120146366,121,0,0,DOLNOŚLĄSKIE,Wałbrzych,0125002,16.285,50.81888889
388,0101001,JRG nr 1 Wrocław,KM PSP Wrocław,KW PSP Wrocław,62757,0,4,0,13154,6651,11,2202,2,7,10734684,11,1,0,DOLNOŚLĄSKIE,Wrocław,0101001,17.03635556,51.10539167
389,0101004,JRG nr 4 Wrocław,KM PSP Wrocław,KW PSP Wrocław,125325,0,7,1,27975,14822,8,2019,0,11,48740422,49,2,0,DOLNOŚLĄSKIE,Wrocław,0101004,16.98234167,51.09543611
390,0101008,JRG nr 8 Wrocław,KM PSP Wrocław,KW PSP Wrocław,64611,0,0,0,0,0,8,862,0,6,5576900,6,0,0,DOLNOŚLĄSKIE,Wrocław,0101008,17.03797778,51.12395833
391,0129002,JRG Zgorzelec,KP PSP Zgorzelec,KW PSP Wrocław,59146,1,3,0,6184,6184,9,1185,0,13,675238934,676,2,0,DOLNOŚLĄSKIE,zgorzelecki,0129002,15.01316667,51.14925
392,0106001,JRG Góra,KP PSP Góra,KW PSP Wrocław,30888,0,2,2,5941,886,0,0,0,0,709382948,710,2,0,DOLNOŚLĄSKIE,górowski,0106001,16.53741667,51.68017222
393,0128001,JRG Ząbkowice Śląskie,KP PSP Ząbkowice Śląskie,KW PSP Wrocław,42404,1,3,0,5231,5610,8,905,0,10,499193208,500,1,0,DOLNOŚLĄSKIE,ząbkowicki,0128001,16.815125,50.60235278
394,0101007,JRG nr 7 Wrocław,KM PSP Wrocław,KW PSP Wrocław,124522,2,2,0,5951,3238,10,1287,0,18,214684335,215,1,0,DOLNOŚLĄSKIE,Wrocław,0101007,16.88493889,51.14384444
395,0102001,JRG nr 6 Kąty Wrocławskie,KM PSP Wrocław,KW PSP Wrocław,65029,0,1,1,6005,2203,8,1254,1,4,679052532,680,2,0,DOLNOŚLĄSKIE,wrocławski,0102001,16.77119722,51.02870556
396,0101009,JRG nr 9 Wrocław,KM PSP Wrocław,KW PSP Wrocław,133644,2,0,0,0,0,8,1238,2,6,122461295,123,0,0,DOLNOŚLĄSKIE,Wrocław,0101009,17.03512778,51.08184444
397,0101005,JRG nr 5 Wrocław,KM PSP Wrocław,KW PSP Wrocław,132121,2,2,0,6820,3359,7,1434,3,5,214918280,215,1,0,DOLNOŚLĄSKIE,Wrocław,0101005,17.05208056,51.13828333
398,0103001,JRG Bolesławiec,KP PSP Bolesławiec,KW PSP Wrocław,84885,1,4,0,9385,5631,9,1499,7,10,1264219143,1265,1,0,DOLNOŚLĄSKIE,bolesławiecki,0103001,15.55805556,51.26527778
399,0120001,JRG Polkowice,KP PSP Polkowice,KW PSP Wrocław,47913,0,2,1,5303,2481,7,689,3,10,613773082,614,1,0,DOLNOŚLĄSKIE,polkowicki,0120001,16.08881944,51.50666944
400,0113001,JRG Chojnów,KM PSP Legnica,KW PSP Wrocław,25121,0,1,0,2093,989,7,402,1,12,363282177,364,1,0,DOLNOŚLĄSKIE,legnicki,0113001,15.94297778,51.27876667
401,0130001,JRG Złotoryja,KP PSP Złotoryja,KW PSP Wrocław,34395,0,1,1,3753,747,7,526,3,14,497719166,498,1,0,DOLNOŚLĄSKIE,złotoryjski,0130001,15.94464444,51.13473611
402,0119002,JRG Oława,KP PSP Oława,KW PSP Wrocław,54773,1,1,1,4426,2065,7,610,0,9,372725550,373,1,0,DOLNOŚLĄSKIE,oławski,0119002,17.28463611,50.94853889
403,0127001,JRG Wołów,KP PSP Wołów,KW PSP Wrocław,46911,3,1,1,4656,1928,7,581,1,8,715366834,716,1,0,DOLNOŚLĄSKIE,wołowski,0127001,16.64194444,51.33472222
404,0124001,JRG Trzebnica,KP PSP Trzebnica,KW PSP Wrocław,78898,1,2,1,7111,3070,7,947,1,6,870120772,871,1,0,DOLNOŚLĄSKIE,trzebnicki,0124001,17.05823889,51.30883889
405,0740001,JRG Zwoleń,KP PSP Zwoleń,KW PSP Warszawa,39010,0,2,0,781,442,7,330,0,5,622139990,623,2,0,MAZOWIECKIE,zwoleński,0740001,21.587,51.35646111
406,0717001P1,PJRG Wydmusy,KM PSP Ostrołęka,KW PSP Warszawa,16043,0,1,0,1190,517,0,0,0,0,480317821,481,1,0,0,0,0,0,0
407,0717001,JRG Ostrołęka,KM PSP Ostrołęka,KW PSP Warszawa,111704,1,3,1,5917,3470,13,740,4,22,1495562199,1496,3,0,MAZOWIECKIE,Ostrołęka,0717001,21.59218889,53.08587778
408,1008001,JRG Łomża,KM PSP Łomża,KW PSP Białystok,102201,1,3,1,7802,4530,13,887,6,21,1343493689,1344,2,7,PODLASKIE,Łomża,1008001,22.05641944,53.18135
409,0737001,JRG Węgrów,KP PSP Węgrów,KW PSP Warszawa,51152,0,2,0,604,334,8,1068,0,10,1119895515,1120,1,0,MAZOWIECKIE,węgrowski,0737001,22.03166111,52.39564444
410,0719001,JRG Ostrów Mazowiecka,KP PSP Ostrów Mazowiecka,KW PSP Warszawa,67293,1,3,1,1394,688,8,735,1,10,1206693049,1207,3,0,MAZOWIECKIE,ostrowski,0719001,21.89476111,52.80473056
411,0737001,JRG Węgrów,KP PSP Węgrów,KW PSP Warszawa,313,0,0,0,0,0,0,0,0,0,5770515,6,0,0,MAZOWIECKIE,węgrowski,0737001,22.03166111,52.39564444
412,0737001,JRG Węgrów,KP PSP Węgrów,KW PSP Warszawa,132,0,0,0,0,0,0,0,0,0,6383752,7,0,0,MAZOWIECKIE,węgrowski,0737001,22.03166111,52.39564444
413,1016001,JRG Wysokie Mazowieckie,KP PSP Wysokie Mazowieckie,KW PSP Białystok,50468,1,2,2,4254,2416,7,434,1,9,1178717399,1179,3,9,PODLASKIE,wysokomazowiecki,1016001,22.51418889,52.91368333
414,0711001,JRG Lipsko,KP PSP Lipsko,KW PSP Warszawa,36750,1,2,0,1983,1293,7,906,3,10,968692048,969,1,0,MAZOWIECKIE,lipski,0711001,21.64893056,51.16048889
415,0401002,JRG nr 2 Gorzów Wielkopolski,KM PSP Gorzów Wielkopolski,KW PSP Gorzów Wielkopolski,93090,0,1,1,5117,3037,10,1417,1,14,590865786,591,1,0,LUBUSKIE,Gorzów Wielkopolski,0401002,15.23763889,52.7339
416,0412002,JRG Żagań,KP PSP Żagań,KW PSP Gorzów Wielkopolski,44038,0,4,1,84000,1200,7,852,3,11,718767712,719,1,0,LUBUSKIE,żagański,0412002,15.32492778,51.62111944
417,1232001,JRG Wodzisław Śląski,KP PSP Wodzisław Śląski,KW PSP Katowice,93689,0,2,1,7401,3475,8,719,2,18,225115970,226,1,26,ŚLĄSKIE,wodzisławski,1232001,18.44972222,50.00555556
418,1203004,PJRG nr 2 - Czechowice,KM PSP Bielsko Biała,KW PSP Katowice,62926,0,2,0,4341,2128,6,647,0,2,133063647,134,1,13,0,0,0,0,0
419,1207002,JRG Skoczów,KP PSP Cieszyn,KW PSP Katowice,67685,0,1,0,1742,784,8,889,0,3,300570890,301,1,0,ŚLĄSKIE,cieszyński,1207002,18.78666389,49.80091111
420,1211001,JRG Gliwice,KM PSP Gliwice,KW PSP Katowice,164852,2,5,1,19662,8514,15,2825,5,10,218232231,219,2,0,ŚLĄSKIE,Gliwice,1211001,18.67436667,50.29221667
421,1306001,JRG Końskie,KP PSP Końskie,KW PSP Kielce,74622,1,2,0,5758,2974,9,1430,2,17,1139422787,1140,1,5,ŚWIĘTOKRZYSKIE,konecki,1306001,20.40551111,51.19116111
422,0620001,JRG Andrychów,KP PSP Wadowice,KW PSP Kraków,87467,0,3,0,6280,3063,8,624,0,7,276280410,277,2,0,MAŁOPOLSKIE,wadowicki,0620001,19.33179444,49.85566111
423,0609001,JRG Miechów,KP PSP Miechów,KW PSP Kraków,55831,1,3,1,3809,1714,8,816,3,5,718328389,719,2,0,MAŁOPOLSKIE,miechowski,0609001,20.03974167,50.35581944
424,0610001,JRG Myślenice,KP PSP Myślenice,KW PSP Kraków,121784,1,4,1,6902,4829,11,1531,2,12,645904527,646,4,0,MAŁOPOLSKIE,myślenicki,0610001,19.953125,49.83150556
425,0622001,JRG Zakopane,KP PSP Zakopane,KW PSP Kraków,60572,3,2,1,5387,3370,10,696,1,10,458347859,459,2,0,MAŁOPOLSKIE,tatrzański,0622001,19.95485833,49.30164167
426,0614002,JRG Wolbrom,KP PSP Olkusz,KW PSP Kraków,31862,0,0,1,1635,870,7,509,0,6,310506354,311,1,0,MAŁOPOLSKIE,olkuski,0614002,19.78416667,50.37055556
427,0508001,JRG Opoczno,KP PSP Opoczno,KW PSP Łódź,68794,2,3,0,4656,2649,9,640,1,9,960821022,961,2,0,ŁÓDZKIE,opoczyński,0508001,20.28678611,51.391625
428,0302002,JRG Bychawa,KM PSP Lublin,KW PSP Lublin,37433,0,2,1,1985,1837,7,315,0,6,682158203,683,2,0,LUBELSKIE,lubelski,0302002,22.53416667,51.01222222
429,0305001,JRG Biłgoraj,KP PSP Biłgoraj,KW PSP Lublin,82009,0,3,1,5670,3464,8,940,2,9,1478018662,1479,3,0,LUBELSKIE,biłgorajski,0305001,22.71746667,50.53459167
430,0313001,JRG Łęczna,KP PSP Łęczna,KW PSP Lublin,61833,2,2,2,6951,5135,7,694,2,9,817471876,818,2,0,LUBELSKIE,łęczyński,0313001,22.87006944,51.29991944
431,0324001,JRG Szczebrzeszyn,KM PSP Zamość,KW PSP Lublin,35988,0,0,1,1965,825,7,414,1,8,711424256,712,1,0,LUBELSKIE,zamojski,0324001,22.97233889,50.69761667
432,0314001,JRG Łuków,KP PSP Łuków,KW PSP Lublin,101015,1,2,2,7281,4584,8,629,1,12,1379331756,1380,3,0,LUBELSKIE,łukowski,0314001,22.38467222,51.92521111
433,0306002,JRG 2 Chełm,KM PSP Chełm,KW PSP Lublin,47947,1,3,1,1394,903,7,1010,1,6,973868343,974,1,0,LUBELSKIE,Chełm,0306002,23.48296944,51.14289722
434,0306001,JRG 1 Chełm,KM PSP Chełm,KW PSP Lublin,75954,0,0,0,0,0,9,913,2,7,817586624,818,0,0,LUBELSKIE,Chełm,0306001,23.49505833,51.12724722
435,0801002,JRG nr 2 Opole,KM PSP Opole,KW PSP Opole,97529,1,2,1,5643,3055,11,1443,2,13,577544990,578,2,0,OPOLSKIE,Opole,0801002,17.91680833,50.67479444
436,0919001,JRG Sanok,KP PSP Sanok,KW PSP Rzeszów,82496,0,5,0,2673,2493,11,854,1,11,1231652342,1232,4,0,PODKARPACKIE,sanocki,0919001,22.16677778,49.57177778
437,0905001,JRG Jarosław,KP PSP Jarosław,KW PSP Rzeszów,110504,3,2,0,3148,1614,13,1611,0,13,1021894450,1022,2,0,PODKARPACKIE,jarosławski,0905001,22.70960278,50.00308889
438,0917001,JRG Przeworsk,KP PSP Przeworsk,KW PSP Rzeszów,69036,0,4,0,3785,2349,7,940,1,6,635009586,636,3,0,PODKARPACKIE,przeworski,0917001,22.49616389,50.06058889
439,0920001,JRG nr 1 Stalowa Wola,KP PSP Stalowa Wola,KW PSP Rzeszów,79048,1,2,1,6503,3669,10,453,1,13,530348725,531,1,0,PODKARPACKIE,stalowowolski,0920001,22.05909167,50.577225
440,1601002,JRG nr 2 Szczecin,KM PSP Szczecin,KW PSP Szczecin,90950,4,2,1,9506,5130,15,849,3,14,348008977,349,1,0,ZACHODNIOPOMORSKIE,Szczecin,1601002,14.65468889,53.38316389
441,1601003,JRG nr 3 Szczecin,KM PSP Szczecin,KW PSP Szczecin,93701,5,0,0,0,0,11,833,2,12,98639938,99,0,0,ZACHODNIOPOMORSKIE,Szczecin,1601003,14.49915833,53.45073889
442,1604001,JRG Drawsko Pomorskie,KP PSP Drawsko Pomorskie,KW PSP Szczecin,52020,1,4,0,6996,3350,7,615,2,10,1584296858,1585,4,10,ZACHODNIOPOMORSKIE,drawski,1604001,15.81556389,53.53026389
443,1605001,JRG Goleniów,KP PSP Goleniów,KW PSP Szczecin,46687,1,2,1,6024,2673,8,517,4,4,883605010,884,2,11,ZACHODNIOPOMORSKIE,goleniowski,1605001,14.830525,53.55933889
444,1605002,PJRG Nowogard,KP PSP Goleniów,KW PSP Szczecin,38012,1,2,0,3141,1520,4,342,0,3,931860261,932,1,23,0,0,0,0,0
445,1606001,JRG Gryfice,KP PSP Gryfice,KW PSP Szczecin,55133,2,4,1,8084,4258,7,1465,2,6,1095544847,1096,4,17,ZACHODNIOPOMORSKIE,gryficki,1606001,15.19616667,53.91472222
446,1608001,JRG Kamień Pomorski,KP PSP Kamień Pomorski,KW PSP Szczecin,25269,1,3,1,931,1869,7,432,1,9,595076365,596,3,8,ZACHODNIOPOMORSKIE,kamieński,1608001,14.77578889,53.96264722
447,1617001,JRG Szczecinek,KP PSP Szczecinek,KW PSP Szczecin,83048,1,4,1,8474,3689,9,1108,4,9,2010177924,2011,3,7,ZACHODNIOPOMORSKIE,szczecinecki,1617001,16.69175,53.717
448,0216001,JRG Rypin,KP PSP Rypin,KW PSP Toruń,44249,1,2,0,2174,1501,7,940,0,4,653097821,654,1,0,KUJAWSKO-POMORSKIE,rypiński,0216001,19.43638889,53.06333333
449,1012001,JRG Siemiatycze,KP PSP Siemiatycze,KW PSP Białystok,40196,0,2,1,2710,1687,8,423,7,20,1468697507,1469,2,0,PODLASKIE,siemiatycki,1012001,22.86499722,52.42500278
450,1007001,JRG Kolno,KP PSP Kolno,KW PSP Białystok,34638,0,1,1,2386,1320,7,328,2,9,981892920,982,2,12,PODLASKIE,kolneński,1007001,21.93350833,53.40804444
451,1006002,JRG Hajnówka,KP PSP Hajnówka,KW PSP Białystok,39774,1,2,1,3860,2387,11,672,1,14,1725248258,1726,2,13,PODLASKIE,hajnowski,1006002,23.59104167,52.7438
452,0112002,JRG nr 2 Legnica,KM PSP Legnica,KW PSP Wrocław,64191,2,5,0,14106,8825,9,1220,0,10,332042510,333,1,0,DOLNOŚLĄSKIE,Legnica,0112002,16.19947778,51.20124167
453,0101002,JRG nr 2 Wrocław,KM PSP Wrocław,KW PSP Wrocław,56303,0,5,1,20197,10373,8,1102,0,5,27616684,28,1,0,DOLNOŚLĄSKIE,Wrocław,0101002,17.06448611,51.11711944
454,0101003,JRG nr 3 Wrocław,KM PSP Wrocław,KW PSP Wrocław,75262,0,4,0,12501,7370,14,1692,3,11,127531011,128,1,0,DOLNOŚLĄSKIE,Wrocław,0101003,17.059875,51.09415833
455,0701001,JRG nr   1 m.st.Warszawa,KM PSP m. st. Warszawa,KW PSP Warszawa,93096,0,2,0,1526,825,10,915,1,11,39557709,40,1,0,MAZOWIECKIE,Warszawa,0701001,20.99875,52.29319444
456,1004001,JRG Bielsk Podlaski,KP PSP Bielsk Podlaski,KW PSP Białystok,49448,1,2,1,3355,2373,7,463,10,10,1413868048,1414,2,1,PODLASKIE,bielski,1004001,23.19444444,52.76666667
457,0613001,JRG Nowy Targ,KP PSP Nowy Targ,KW PSP Kraków,146625,5,6,1,8291,4907,13,988,2,21,1297936809,1298,6,0,MAŁOPOLSKIE,nowotarski,0613001,19.99646944,49.46516944
458,0909001,JRG Krosno,KP PSP Sanok,KW PSP Rzeszów,149775,1,6,1,14642,6646,18,2723,1,24,971599567,972,5,0,PODKARPACKIE,Krosno,0909001,21.76916667,49.6875
459,0501001,JRG nr 1 Łódź,KM PSP Łódź,KW PSP Łódź,82981,0,1,0,2825,1500,12,1341,0,9,19505329,20,1,0,ŁÓDZKIE,Łódź,0501001,19.45091667,51.78926389
460,0501002,JRG nr 2 Łódź,KM PSP Łódź,KW PSP Łódź,52009,0,1,0,3506,2071,11,1550,4,7,6937863,7,1,0,ŁÓDZKIE,Łódź,0501002,19.45308611,51.77587778
461,0501003,JRG nr 3 Łódź,KM PSP Łódź,KW PSP Łódź,56861,1,5,4,16738,8334,11,1592,1,5,9381873,10,3,0,ŁÓDZKIE,Łódź,0501003,19.45330833,51.76044167
462,0501004,JRG nr 4 Łódź,KM PSP Łódź,KW PSP Łódź,112309,0,4,1,11384,6219,13,1060,2,11,108558947,109,2,0,ŁÓDZKIE,Łódź,0501004,19.512225,51.73497222
463,0501011,JRG nr 11 Łódź,KM PSP Łódź,KW PSP Łódź,69608,0,0,0,0,0,8,741,0,5,28317639,29,0,0,ŁÓDZKIE,Łódź,0501011,19.40495556,51.74435556
464,0501008,JRG nr 8 Łódź,KM PSP Łódź,KW PSP Łódź,48037,2,1,0,2600,1458,8,826,2,7,86483404,87,1,0,ŁÓDZKIE,Łódź,0501008,19.48911111,51.77964444
465,0501010,JRG nr 10 Łódź,KM PSP Łódź,KW PSP Łódź,63883,0,3,1,11765,7509,11,570,2,12,20140447,21,1,0,ŁÓDZKIE,Łódź,0501010,19.41152778,51.80023056
466,0501006,JRG nr 6 Łódź,KM PSP Łódź,KW PSP Łódź,35575,0,1,0,2517,1371,8,406,0,3,36365995,37,1,0,ŁÓDZKIE,Łódź,0501006,19.43521111,51.70506944
467,0501009,JRG nr 9 Łódź,KM PSP Łódź,KW PSP Łódź,63254,0,1,0,2252,1179,8,535,2,4,67458412,68,1,0,ŁÓDZKIE,Łódź,0501009,19.38784444,51.77663611
468,0501007,JRG nr 7 Łódź,KM PSP Łódź,KW PSP Łódź,75269,2,9,1,26093,15366,8,826,1,7,129106185,130,4,0,ŁÓDZKIE,Łódź,0501007,19.48355556,51.71750278
469,0502002,JRG Koluszki,KP PSP w Koluszkach,KW PSP Łódź,38834,0,0,1,1584,785,9,534,1,11,352563547,353,1,0,ŁÓDZKIE,łódzki wschodni,0502002,19.80316667,51.74517222
470,0524001,JRG Brzeziny,KP PSP Brzeziny,KW PSP Łódź,29806,2,2,0,2662,1442,7,489,0,5,338510698,339,2,0,ŁÓDZKIE,brzeziński,0524001,19.74988333,51.81933333
471,0504001,JRG Kutno,KPPSP Kutno,KW PSP Łódź,96119,2,3,1,7946,3805,12,998,2,13,1012949665,1013,3,0,ŁÓDZKIE,kutnowski,0504001,19.35306389,52.23226111
472,0507001,JRG Łowicz,KP PSP Łowicz,KW PSP Łódź,71761,1,2,1,5518,3062,9,634,2,11,961550717,962,2,0,ŁÓDZKIE,łowicki,0507001,19.94111111,52.11635
473,0509001,JRG Pabianice,KP PSP Pabianice,KW PSP Łódź,95008,2,2,1,8202,4504,12,1525,1,12,384120005,385,1,0,ŁÓDZKIE,pabianicki,0509001,19.35506389,51.66327222
474,0513001,JRG Poddębice,KP PSP Poddębice,KW PSP Łódź,39069,1,2,1,3438,1913,7,561,1,5,884955670,885,2,0,ŁÓDZKIE,poddębicki,0513001,18.95352222,51.89238889
475,0522001,JRG Zduńska Wola,KP PSP Zduńska Wola,KW PSP Łódź,66521,0,1,1,4370,2288,9,535,3,7,422653957,423,1,0,ŁÓDZKIE,zduńskowolski,0522001,18.95694444,51.60001944
476,0521001,JRG Wieruszów,KP PSP Wieruszów,KW PSP Łódź,41895,0,2,0,2314,1259,7,430,0,9,610468520,611,2,0,ŁÓDZKIE,wieruszowski,0521001,18.17707222,51.28151667
477,0519001,JRG Tomaszów Mazowiecki,KP PSP Tomaszów Mazowiecki,KW PSP Łódź,97677,3,2,1,8163,4282,13,913,0,25,784395653,785,2,0,ŁÓDZKIE,tomaszowski,0519001,20.01486389,51.54891389
478,0523003,JRG Zgierz,KP PSP Zgierz,KW PSP Łódź,85649,1,4,1,10481,6810,10,1421,2,9,198223941,199,2,0,ŁÓDZKIE,zgierski,0523003,19.41111111,51.85277778
479,0523001,JRG Ozorków,KP PSP Zgierz,KW PSP Łódź,37334,0,1,0,1940,1309,7,938,0,5,329300662,330,1,0,ŁÓDZKIE,zgierski,0523001,19.29363611,51.96545
480,0523002,JRG Stryków,KP PSP Zgierz,KW PSP Łódź,42598,0,2,0,3114,1841,7,806,0,5,497955289,498,2,0,ŁÓDZKIE,zgierski,0523002,19.60472222,51.8975
481,0515001,JRG Rawa Mazowiecka,KP PSP Rawa Mazowiecka,KW PSP Łódź,63660,1,4,1,6429,3678,7,506,3,7,1020951379,1021,5,0,ŁÓDZKIE,rawski,0515001,20.2474,51.75505833
482,0503001,JRG Bełchatów,KP PSP Bełchatów,KW PSP Łódź,90512,0,3,1,7776,4708,12,766,3,14,791010802,792,3,0,ŁÓDZKIE,bełchatowski,0503001,19.39413056,51.3705
483,0505001,JRG Łask,KP PSP Łask,KW PSP Łódź,58245,1,2,1,4936,2277,7,461,0,12,690055593,691,2,0,ŁÓDZKIE,łaski,0505001,19.13166667,51.59416667
484,0506001,JRG Łęczyca,KP PSP Łęczyca,KW PSP Łódź,43770,1,2,1,4495,2713,7,667,2,9,661190804,662,2,0,ŁÓDZKIE,łęczycki,0506001,19.18330833,52.04426667
485,0514001,JRG Radomsko,KP PSP Radomsko,KW PSP Łódź,99391,2,2,1,7206,4846,12,1495,0,13,1094796763,1095,2,0,ŁÓDZKIE,radomszczański,0514001,19.44408889,51.06517778
486,0510001,JRG Pajęczno,KP PSP Pajęczno,KW PSP Łódź,53356,0,1,1,1398,1398,7,561,0,6,916695345,917,1,0,ŁÓDZKIE,pajęczański,0510001,19.00339722,51.14750833
487,0520001,JRG Wieluń,KP PSP Wieluń,KW PSP Łódź,78569,1,2,1,4806,2785,9,1264,0,11,1084514626,1085,2,0,ŁÓDZKIE,wieluński,0520001,18.56941944,51.22346944
488,0701014,JRG nr 14 m.st.Warszawa,KM PSP m. st. Warszawa,KW PSP Warszawa,105054,1,1,0,749,382,8,950,0,5,48935984,49,1,0,MAZOWIECKIE,Warszawa,0701014,21.08340278,52.16913889
489,0701002,JRG nr   2 m.st.Warszawa,KM PSP m. st. Warszawa,KW PSP Warszawa,53722,0,0,0,0,0,17,821,2,16,29647836,30,0,0,MAZOWIECKIE,Warszawa,0701002,20.89371944,52.20973889
490,0501005,JRG nr 5 Łódź,KM PSP Łódź,KW PSP Łódź,70017,1,1,0,3001,1687,11,1332,3,9,10783155,11,1,0,ŁÓDZKIE,Łódź,0501005,19.47928611,51.74634722
491,0612001,JRG Krynica-Zdrój,KM PSP Nowy Sącz,KW PSP Kraków,31471,2,1,1,2363,1414,8,456,0,6,405713111,406,1,0,MAŁOPOLSKIE,nowosądecki,0612001,20.954975,49.42711111
492,0604001,JRG Brzesko,KP PSP Brzesko,KW PSP Kraków,91968,1,3,1,6510,3897,9,1243,7,6,642454458,643,3,0,MAŁOPOLSKIE,brzeski,0604001,20.616,49.97427778
493,1111001P1,PJRG Krynica Morska,KP PSP Nowy Dwór Gdański,KW PSP Gdańsk,3976,0,0,0,0,0,0,0,0,0,206727716,207,0,0,0,0,0,0,0
494,1101002P1,PJRG nr 2 Gdańsk,KM PSP Gdańsk,KW PSP Gdańsk,90436,0,1,0,3223,2044,8,704,2,6,43945558,44,1,0,0,0,0,0,0
495,1101005,JRG nr 5 Gdańsk Oliwa,KM PSP Gdańsk,KW PSP Gdańsk,89003,0,2,0,6751,3510,8,1041,1,6,33610954,34,2,0,POMORSKIE,Gdańsk,1101005,18.57805556,54.40777778
496,1105004,JRG Nr 4 Gdynia Wielki Kack,KM PSP Gdynia,KW PSP Gdańsk,59354,0,2,0,3984,2415,7,447,4,5,63111851,64,2,2,POMORSKIE,Gdynia,1105004,18.45540833,54.45765
497,0108001P1,PJRG JRG Kowary,KM PSP Jelenia Góra,KW PSP Wrocław,23371,1,2,0,3033,1655,2,353,0,1,150456676,151,1,0,0,0,0,0,0
498,0128001P1,PJRG Ziębice,KP PSP Ząbkowice Śląskie,KW PSP Wrocław,17934,0,1,0,1685,861,4,283,0,1,330532510,331,1,0,0,0,0,0,0
499,1014001,JRG nr 1 Suwałki,KM PSP Suwałki,KW PSP Białystok,47286,0,3,2,7675,4648,8,598,3,12,663838715,664,2,0,PODLASKIE,Suwałki,1014001,22.92444444,54.09833333
500,1505001,JRG Gniezno,KP PSP Gniezno,KW PSP Poznań,132426,2,5,1,10487,5564,14,1087,3,12,1048843481,1049,4,11,WIELKOPOLSKIE,gnieźnieński,1505001,17.60598889,52.53163056
501,1516001,JRG Krotoszyn,KP PSP Krotoszyn,KW PSP Poznań,73802,1,2,1,4646,2201,8,538,1,10,705418009,706,3,14,WIELKOPOLSKIE,krotoszyński,1516001,17.43498333,51.69959444
502,1101002,JRG nr 2 Gdańsk,KM PSP Gdańsk,KW PSP Gdańsk,62695,1,4,1,10585,5969,11,1243,2,6,94993339,95,3,0,POMORSKIE,Gdańsk,1101002,18.67027778,54.35444444
503,1215001,JRG Kłobuck,KP PSP Kłobuck,KW PSP Katowice,81194,0,3,0,6131,3861,9,589,1,8,888198792,889,2,27,ŚLĄSKIE,kłobucki,1215001,18.94643333,50.89825556
504,1208003,JRG nr 3 Częstochowa,KM PSP Częstochowa,KW PSP Katowice,83474,1,4,1,14107,8880,8,1551,0,5,347961613,348,2,0,ŚLĄSKIE,Częstochowa,1208003,19.12861111,50.80972222
505,1208001,JRG nr 1 Częstochowa,KM PSP Częstochowa,KW PSP Katowice,99640,0,5,0,12087,7896,9,1971,1,8,404051481,405,3,9,ŚLĄSKIE,Częstochowa,1208001,19.13500278,50.79712222
506,1201001,JRG nr 1 Katowice,KM PSP Katowice,KW PSP Katowice,112311,2,2,1,8636,4307,18,2339,3,10,42596693,43,2,8,ŚLĄSKIE,Katowice,1201001,19.08986944,50.25505278
507,1207003,JRG Ustroń,KP PSP Cieszyn,KW PSP Katowice,46080,0,2,0,3341,1577,8,830,2,5,296786302,297,2,1,ŚLĄSKIE,cieszyński,1207003,18.83593333,49.69633889
508,0601002,JRG nr 2 Kraków,KM PSP Kraków,KW PSP Kraków,165992,0,4,0,11931,5993,14,2012,0,12,63508853,64,2,0,MAŁOPOLSKIE,Kraków,0601002,19.9358,50.03346111
509,0310001,JRG Krasnystaw,KP PSP Krasnystaw,KW PSP Lublin,57857,1,2,1,4708,3570,7,830,1,10,1045085966,1046,1,0,LUBELSKIE,krasnostawski,0310001,23.17166667,50.98388889
510,0319001,JRG Ryki,KP PSP Ryki,KW PSP Lublin,45241,1,1,1,3343,1378,9,930,0,10,744361757,745,2,0,LUBELSKIE,rycki,0319001,21.94213889,51.616775
511,1615002,JRG Sławno,KP PSP Sławno,KW PSP Szczecin,30843,1,2,1,3860,2058,7,469,1,4,722416764,723,2,15,ZACHODNIOPOMORSKIE,sławieński,1615002,16.67304722,54.36511111
512,0738001,JRG Wołomin,KP PSP Wołomin,KW PSP Warszawa,130580,1,2,1,1902,1129,20,4394,6,34,398207272,399,2,0,MAZOWIECKIE,wołomiński,0738001,21.227475,52.34709722
513,0112001,JRG nr 1 Legnica,KM PSP Legnica,KW PSP Wrocław,60629,0,0,0,0,0,7,1217,0,13,218695077,219,0,0,DOLNOŚLĄSKIE,Legnica,0112001,16.16350833,51.20653056
514,0119001,JRG Jelcz Laskowice,KP PSP Oława,KW PSP Wrocław,44851,0,1,0,2584,1264,7,402,2,9,267242418,268,1,0,DOLNOŚLĄSKIE,oławski,0119001,17.31442222,51.02663611
515,1002001,JRG nr 5 w Łapach,KM PSP Białystok,KW PSP Białystok,29513,1,1,1,2240,1309,7,175,0,7,557709869,558,1,0,PODLASKIE,białostocki,1002001,22.86496667,52.98422222
516,1119002,JRG Wejherowo,KP PSP Wejherowo,KW PSP Gdańsk,136194,0,4,1,4758,2994,10,1278,3,6,1124682724,1125,3,3,POMORSKIE,wejherowski,1119002,18.19995833,54.61138056
517,1305001,JRG Kazimierza Wielka,KP PSP Kazimierza Wielka,KW PSP Kielce,38211,1,1,1,3310,1739,7,400,1,22,543027040,544,1,13,ŚWIĘTOKRZYSKIE,kazimierski,1305001,20.47960278,50.27906389
518,1612001,PJRG Dębno,KP PSP Myślibórz,KW PSP Szczecin,59463,1,4,1,9894,3456,7,510,1,9,1122461119,1123,3,0,0,0,0,0,0
519,0717001,JRG Ostrołęka,KM PSP Ostrołęka,KW PSP Warszawa,5320,0,0,0,0,0,0,0,0,0,137317889,138,0,0,MAZOWIECKIE,Ostrołęka,0717001,21.59218889,53.08587778
520,0717001,JRG Ostrołęka,KM PSP Ostrołęka,KW PSP Warszawa,22,0,0,0,0,0,0,0,0,0,6225559,7,0,0,MAZOWIECKIE,Ostrołęka,0717001,21.59218889,53.08587778
521,0511001,JRG Piotrków Trybunalski,KM PSP Piotrków Trybunalski,KW PSP Łódź,156623,2,6,1,15076,9208,17,1344,2,18,1516890466,1517,5,0,ŁÓDZKIE,Piotrków Trybunalski,0511001,19.694275,51.40344167
522,0517001,JRG Skierniewice,KM PSP Skierniewice,KW PSP Łódź,79509,1,2,1,2513,3322,10,727,2,8,632403123,633,2,0,ŁÓDZKIE,Skierniewice,0517001,20.15899722,51.955175
523,0516001,JRG Sieradz,KP PSP Sieradz,KW PSP Łódź,106272,2,4,1,8705,4632,12,822,0,10,1370990783,1371,4,0,ŁÓDZKIE,sieradzki,0516001,18.70636944,51.57296111
524,0701007,JRG nr   7 m.st.Warszawa,KM PSP m. st. Warszawa,KW PSP Warszawa,191943,1,4,0,3880,1953,14,1355,3,20,60363174,61,2,0,MAZOWIECKIE,Warszawa,0701007,20.91402778,52.23494444
525,0701013,JRG nr 13 m.st.Warszawa,KM PSP m. st. Warszawa,KW PSP Warszawa,89701,0,2,1,5482,2847,8,579,2,8,94743533,95,2,0,MAZOWIECKIE,Warszawa,0701013,21.15802778,52.25909722